_id     , DocumentType    ,       SchemaVersion   ,       EntityTimestamp ,       SourceSystemPartyId     ,       SourceSystemId  ,       FirstName       ,       MiddleName      ,       LastName        ,       GenerationCode  ,GenderCode,BirthDate,LastFourSsn
1,Aquamarine,1,2014-02-22T07:24:42Z,564316331-4,duis,Howard,XS,Gonzalez,,M,8/19/1928,7773
2,Red,1,2014-10-09T00:52:35Z,430220016-2,praesent,Jeremy,XL,Snyder,,M,10/17/1913,2736
3,Green,1,2014-11-25T10:31:36Z,947613317-1,fusce,Christina,3XL,Evans,,F,6/15/1913,1364
4,Green,1,2014-09-09T17:22:28Z,696364804-2,morbi,Raymond,M,Holmes,,M,6/4/1972,9664
5,Yellow,1,2014-05-10T07:37:50Z,554738631-6,non,Todd,3XL,Campbell,,M,9/13/1921,2949
6,Crimson,1,2014-10-25T05:04:35Z,848279805-7,sem,Juan,L,Murray,,M,1/1/1912,7412
7,Pink,1,2014-09-29T02:42:44Z,737906961-6,magna,Evelyn,XS,Kelley,,F,8/30/1961,7178
8,Turquoise,1,2014-04-25T22:55:29Z,514276348-3,dictumst,Jack,XS,Lawrence,,M,1/15/1969,9302
9,Violet,1,2014-06-12T23:16:06Z,563357497-4,pharetra,Mary,S,Holmes,,F,2/4/1979,2314
10,Yellow,1,2015-01-07T06:28:02Z,904351793-3,lectus,Douglas,M,Young,,M,8/27/1903,8711
11,Crimson,1,2014-07-03T22:39:09Z,982528418-8,faucibus,Jeffrey,XS,Larson,,M,1/6/1980,7396
12,Aquamarine,1,2014-07-07T22:20:00Z,256826142-0,in,Patricia,XL,Perkins,,F,1/19/1946,4969
13,Yellow,1,2014-02-08T06:00:33Z,438581589-5,mi,Henry,M,Sullivan,,M,2/17/1981,9341
14,Violet,1,2014-02-05T05:19:44Z,616868783-1,neque,Marie,S,Garcia,,F,8/19/1978,5066
15,Yellow,1,2014-01-28T22:59:52Z,455779004-6,ipsum,Tina,M,Powell,,F,12/9/1960,3278
16,Puce,1,2014-05-27T21:30:01Z,424897177-1,nec,Kathryn,XL,Gomez,,F,3/7/1937,2885
17,Turquoise,1,2014-11-01T06:20:11Z,862461278-0,in,Kathy,L,Grant,,F,9/21/1918,2070
18,Yellow,1,2014-07-18T07:43:26Z,523251892-5,morbi,Joshua,L,Stephens,,M,3/31/1982,9420
19,Teal,1,2014-09-19T00:44:02Z,252862887-0,ante,Judy,2XL,Gray,,F,8/24/1969,7070
20,Red,1,2014-10-10T17:59:56Z,343529909-6,id,George,2XL,Pierce,,M,9/2/1965,7991
21,Teal,1,2014-08-29T20:43:25Z,024683274-6,interdum,Jason,3XL,Flores,,M,10/5/1972,7217
22,Goldenrod,1,2014-10-24T03:09:57Z,012558909-3,dapibus,Janet,M,Price,,F,4/19/1914,5667
23,Mauv,1,2014-11-19T17:20:15Z,978391634-3,volutpat,Judith,XL,Burke,,F,9/3/1980,9593
24,Pink,1,2014-04-29T00:25:47Z,871495098-7,sit,Daniel,M,Peters,,M,4/25/1916,8069
25,Khaki,1,2014-04-22T23:47:45Z,558795090-5,molestie,Ruth,2XL,Porter,,F,2/11/1901,7545
26,Khaki,1,2014-07-05T01:25:27Z,330840949-6,proin,Eugene,M,Perkins,,M,4/15/1920,2209
27,Indigo,1,2014-02-04T18:03:53Z,966142459-4,ornare,Thomas,XS,Palmer,,M,3/27/1937,1831
28,Teal,1,2014-08-20T00:29:34Z,909445006-2,elit,Andrea,M,Fields,,F,3/2/1978,5783
29,Violet,1,2014-05-24T02:50:19Z,409078371-2,phasellus,Juan,M,Martin,,M,9/14/1915,8888
30,Fuscia,1,2014-02-01T20:02:42Z,751722990-7,nulla,Jeffrey,XL,Allen,,M,7/19/1934,7197
31,Aquamarine,1,2014-04-28T03:00:50Z,716396284-3,nullam,Harry,2XL,Williams,,M,6/11/1940,8284
32,Crimson,1,2014-11-28T11:57:15Z,240060152-6,volutpat,Louise,L,Sullivan,,F,2/13/1960,5317
33,Pink,1,2014-10-12T09:13:26Z,065403250-5,vitae,Jacqueline,XS,Richards,,F,9/23/1982,1215
34,Turquoise,1,2014-03-05T13:06:00Z,366041857-9,dignissim,Wayne,XL,Shaw,,M,12/6/1987,2086
35,Yellow,1,2014-10-24T00:51:52Z,780692925-8,nibh,Gerald,XS,Nguyen,,M,4/27/1935,3876
36,Fuscia,1,2014-05-24T15:50:08Z,628021660-8,at,Amanda,M,Adams,,F,7/22/1976,9351
37,Red,1,2014-03-13T15:38:55Z,848175804-3,lacus,Gary,XL,Wells,,M,10/9/1986,1158
38,Teal,1,2014-07-22T01:41:44Z,519862090-4,quis,Roy,M,Gomez,,M,9/27/1977,7409
39,Fuscia,1,2014-05-06T15:16:05Z,372799618-8,a,Debra,3XL,Moreno,,F,7/26/1960,5706
40,Green,1,2014-08-28T07:56:03Z,505034211-2,scelerisque,Anne,XL,Berry,,F,6/22/1984,3526
41,Green,1,2015-01-11T19:26:13Z,397677023-X,ut,Larry,L,Butler,,M,9/4/1930,5314
42,Khaki,1,2014-02-21T14:26:54Z,430600801-0,quisque,Joan,2XL,Mason,,F,2/28/1922,9536
43,Yellow,1,2014-05-18T07:33:48Z,066059157-X,lectus,Samuel,XL,Hill,,M,6/6/1939,6896
44,Aquamarine,1,2014-06-26T10:30:13Z,827333114-8,libero,Cynthia,2XL,Cook,,F,1/17/1975,1429
45,Khaki,1,2014-01-20T17:57:31Z,339835489-0,diam,Dorothy,3XL,Lewis,,F,7/16/1927,4135
46,Orange,1,2014-10-02T12:04:51Z,301201804-2,sapien,Tina,L,Lane,,F,3/11/1924,9377
47,Purple,1,2014-03-28T13:54:36Z,560107380-5,diam,Ralph,2XL,Peterson,,M,12/23/1903,4858
48,Purple,1,2014-12-13T10:28:33Z,483770801-3,sapien,Marilyn,M,West,,F,7/19/1915,7538
49,Fuscia,1,2014-04-23T18:23:36Z,419343447-8,consectetuer,Karen,S,Mitchell,,F,10/20/1967,3646
50,Crimson,1,2014-06-16T00:53:53Z,565935663-X,consequat,Diane,XS,Kelley,,F,2/2/1958,4651
51,Turquoise,1,2014-09-14T03:42:41Z,940360659-2,nulla,Helen,XL,Flores,,F,4/6/1930,1750
52,Yellow,1,2014-03-07T02:51:23Z,391951440-8,ipsum,Richard,L,Gilbert,,M,5/22/1968,3007
53,Turquoise,1,2014-07-29T19:52:11Z,911694664-2,mollis,Andrew,S,Jenkins,,M,10/29/1943,5613
54,Puce,1,2014-09-19T14:37:56Z,970984914-X,vel,Johnny,L,Cole,,M,10/6/1931,6760
55,Khaki,1,2014-12-28T22:24:49Z,905140130-2,id,Phyllis,S,Davis,,F,5/12/1910,9927
56,Puce,1,2014-07-13T20:29:21Z,998125074-0,penatibus,Barbara,XS,Hughes,,F,6/17/1904,5935
57,Indigo,1,2014-07-28T05:32:58Z,210435010-7,convallis,Beverly,L,Ross,,F,10/17/1936,5680
58,Turquoise,1,2015-01-04T16:51:11Z,226080692-9,in,Ruby,XL,Ramirez,,F,9/10/1906,6890
59,Khaki,1,2014-12-04T01:44:41Z,699733850-X,tincidunt,Kathryn,L,Hill,,F,10/15/1954,2593
60,Indigo,1,2014-08-17T04:39:37Z,882390572-9,malesuada,William,2XL,Williams,,M,6/8/1954,1284
61,Turquoise,1,2014-12-26T06:46:32Z,629385773-9,arcu,Craig,L,Burke,,M,4/19/1925,5490
62,Goldenrod,1,2014-03-18T10:29:50Z,357811511-8,pede,Anne,3XL,Brooks,,F,12/28/1949,2497
63,Purple,1,2014-09-03T17:36:45Z,178991079-X,curabitur,Norma,L,Matthews,,F,8/1/1952,6964
64,Green,1,2014-08-05T13:11:07Z,530616765-9,habitasse,Debra,L,Banks,,F,12/31/1989,1506
65,Indigo,1,2014-06-29T11:28:29Z,078141397-4,blandit,William,S,Cruz,,M,3/14/1900,4250
66,Maroon,1,2015-01-02T12:10:33Z,960548173-1,mi,William,XS,Hernandez,,M,2/7/1930,3968
67,Blue,1,2014-09-18T08:43:37Z,403405010-1,morbi,Todd,2XL,Alvarez,,M,4/24/1918,1606
68,Fuscia,1,2014-10-17T13:54:52Z,184174401-8,dolor,Craig,S,Russell,,M,10/24/1930,3127
69,Mauv,1,2014-01-16T16:23:18Z,475495644-3,volutpat,Gerald,XS,Cox,,M,11/8/1946,5826
70,Crimson,1,2014-12-18T15:21:52Z,655426000-5,eu,Teresa,M,Olson,,F,7/6/1929,4324
71,Puce,1,2014-10-10T22:19:30Z,977128733-8,rutrum,Sara,2XL,Webb,,F,2/17/1988,4148
72,Teal,1,2014-01-28T17:25:20Z,737855505-3,ac,Randy,S,Campbell,,M,11/11/1946,1681
73,Teal,1,2014-12-17T03:50:26Z,983201549-9,posuere,Dorothy,S,Morales,,F,7/26/1918,6982
74,Green,1,2014-11-12T14:30:35Z,851260955-9,donec,Bobby,L,Burton,,M,3/24/1954,7667
75,Khaki,1,2014-01-22T16:41:54Z,951552707-4,viverra,Tammy,M,Arnold,,F,12/28/1911,1880
76,Pink,1,2014-06-28T22:25:15Z,609163432-1,quam,Sara,XL,Palmer,,F,2/18/1956,8469
77,Orange,1,2014-01-30T00:25:07Z,288542518-0,gravida,Jeffrey,M,Burns,,M,3/7/1977,2477
78,Fuscia,1,2014-03-04T10:36:35Z,449417162-X,id,Harold,2XL,Campbell,,M,3/2/1975,5062
79,Orange,1,2014-02-22T02:06:00Z,286855132-7,vulputate,Pamela,XL,Banks,,F,5/3/1973,3694
80,Maroon,1,2014-08-07T23:32:09Z,462731019-6,vestibulum,Kathryn,XL,Robertson,,F,5/10/1909,5068
81,Blue,1,2014-10-23T00:28:44Z,104874503-1,pretium,Alice,M,Davis,,F,8/31/1941,2572
82,Khaki,1,2014-07-04T15:55:45Z,921294995-9,pharetra,Nicholas,2XL,Kelley,,M,9/9/1908,8086
83,Purple,1,2014-02-28T02:18:16Z,098428295-5,molestie,Doris,S,Ford,,F,5/3/1916,1841
84,Fuscia,1,2014-04-03T14:27:31Z,607104291-7,lacinia,Joshua,S,Morris,,M,1/28/1943,4174
85,Yellow,1,2014-12-22T01:52:03Z,283546504-9,eget,Jonathan,3XL,Reed,,M,12/1/1925,8916
86,Blue,1,2014-12-12T08:42:40Z,478709746-6,ut,Carolyn,L,Black,,F,7/25/1910,7137
87,Red,1,2014-10-24T20:04:47Z,996728669-5,proin,Jerry,M,Wheeler,,M,1/6/1938,1131
88,Green,1,2014-07-13T17:11:55Z,562034549-1,vulputate,Catherine,2XL,Mcdonald,,F,4/12/1904,3503
89,Maroon,1,2014-07-24T20:18:01Z,080337408-9,nulla,Jonathan,XS,Bennett,,M,11/13/1984,1654
90,Khaki,1,2014-07-25T10:49:31Z,580860794-9,posuere,Beverly,3XL,Lane,,F,1/2/1977,6458
91,Turquoise,1,2014-03-18T13:54:59Z,124239533-4,quam,Benjamin,M,Stewart,,M,1/19/1900,6687
92,Blue,1,2014-08-14T07:34:43Z,464321812-6,venenatis,Andrew,S,Elliott,,M,12/2/1914,3172
93,Violet,1,2014-03-09T10:45:44Z,662335515-4,mi,Gary,M,Wood,,M,4/19/1963,5907
94,Blue,1,2014-02-23T23:37:39Z,066741536-X,libero,Janet,XL,Stone,,F,4/11/1951,4716
95,Crimson,1,2014-11-02T09:58:44Z,398529864-5,quisque,Ernest,M,Perry,,M,8/12/1980,5926
96,Blue,1,2014-09-26T07:32:13Z,458299951-4,fusce,Deborah,3XL,Stephens,,F,8/17/1971,3103
97,Turquoise,1,2014-02-14T02:58:54Z,491145380-X,in,Christine,M,Rose,,F,11/16/1977,4365
98,Goldenrod,1,2014-03-10T22:03:50Z,500480816-3,at,Lois,L,Shaw,,F,4/10/1917,5523
99,Orange,1,2014-07-18T23:12:10Z,433505423-8,duis,Eugene,L,Hill,,M,6/7/1967,3125
100,Green,1,2014-08-29T02:04:32Z,455758928-6,vitae,Nicholas,XS,Hanson,,M,9/16/1938,9569
101,Pink,1,2014-08-22T04:25:35Z,228363968-9,ipsum,Joe,S,Ellis,,M,4/15/1938,1415
102,Puce,1,2014-12-07T06:16:22Z,441793143-7,turpis,Martha,M,Knight,,F,12/15/1925,6961
103,Blue,1,2014-08-09T04:09:16Z,465409327-3,vitae,Samuel,L,Mccoy,,M,8/2/1941,5793
104,Green,1,2015-01-09T09:44:58Z,230727969-5,quis,Susan,2XL,Berry,,F,10/6/1931,6718
105,Goldenrod,1,2014-05-19T20:46:37Z,711275437-2,aliquam,Margaret,XS,Price,,F,5/4/1938,1236
106,Indigo,1,2014-11-18T20:41:33Z,356238392-4,lobortis,Jane,L,Gomez,,F,10/7/1963,1273
107,Mauv,1,2014-09-16T16:45:02Z,026955393-2,malesuada,Katherine,S,Ramirez,,F,9/21/1958,1661
108,Turquoise,1,2014-04-25T08:52:05Z,958012011-0,platea,Laura,S,Martinez,,F,6/2/1950,5689
109,Green,1,2014-10-06T14:57:17Z,336869828-1,leo,Ralph,3XL,Crawford,,M,9/29/1979,4315
110,Teal,1,2014-02-03T06:03:08Z,610535958-6,volutpat,Philip,XS,Clark,,M,6/12/1973,4130
111,Crimson,1,2014-03-17T19:09:00Z,750812751-X,consequat,Christopher,XL,Lawson,,M,9/23/1934,8279
112,Khaki,1,2014-03-03T08:55:51Z,639016911-6,in,Nicholas,2XL,Fowler,,M,12/4/1928,9770
113,Blue,1,2014-12-16T10:07:20Z,658724667-2,odio,Joyce,L,Reyes,,F,6/16/1936,9534
114,Teal,1,2014-10-22T06:30:26Z,873271082-8,dignissim,David,S,Kelly,,M,3/11/1949,6968
115,Mauv,1,2014-07-27T19:55:33Z,529532453-2,etiam,Julie,XS,Richards,,F,12/1/1965,2353
116,Aquamarine,1,2014-08-23T00:59:18Z,714813286-X,in,Juan,M,Ray,,M,10/2/1932,7506
117,Aquamarine,1,2014-08-16T22:04:17Z,601358902-X,in,Steven,2XL,Roberts,,M,11/16/1932,8583
118,Mauv,1,2014-04-14T21:50:10Z,741426005-4,eget,John,3XL,Alexander,,M,2/1/1934,7974
119,Indigo,1,2014-05-23T06:48:00Z,842030511-1,posuere,Martha,S,Gonzalez,,F,5/28/1918,5877
120,Indigo,1,2014-12-20T23:40:15Z,390346292-6,penatibus,Christine,XS,Edwards,,F,4/30/1938,5178
121,Red,1,2014-05-13T16:57:25Z,753983483-8,dis,Gerald,XL,Jacobs,,M,6/16/1919,5308
122,Purple,1,2014-09-10T18:43:32Z,129023282-2,lorem,Ruby,S,Wheeler,,F,6/29/1944,5152
123,Blue,1,2014-07-23T02:16:18Z,813913208-X,id,Heather,XL,Reid,,F,10/14/1916,7209
124,Blue,1,2014-07-02T04:39:14Z,763793381-4,sapien,Robert,3XL,Martin,,M,8/20/1953,7953
125,Khaki,1,2014-11-18T09:22:12Z,450488201-9,non,Sara,XS,Armstrong,,F,4/14/1919,4834
126,Maroon,1,2014-11-14T03:29:01Z,872499497-9,adipiscing,Karen,XL,Henry,,F,3/22/1986,7964
127,Pink,1,2014-10-14T13:40:09Z,506289538-3,quisque,Ruth,L,Garrett,,F,7/31/1954,3981
128,Fuscia,1,2014-04-24T08:03:11Z,358698193-7,morbi,Craig,3XL,Williams,,M,9/18/1971,3790
129,Aquamarine,1,2014-04-20T21:35:29Z,926101599-9,magna,Albert,XS,Taylor,,M,5/29/1903,2662
130,Blue,1,2014-05-11T14:45:11Z,958264464-8,phasellus,Andrew,XS,Hansen,,M,11/22/1987,8836
131,Fuscia,1,2014-07-08T20:55:03Z,000025324-3,tellus,Kathryn,XS,Price,,F,4/23/1945,6622
132,Aquamarine,1,2014-10-16T12:37:47Z,997932348-5,lorem,Eric,XL,Austin,,M,12/31/1916,4461
133,Orange,1,2014-12-27T13:58:12Z,086123424-3,tortor,Melissa,2XL,Bennett,,F,4/4/1920,5791
134,Teal,1,2014-05-30T09:11:33Z,252253193-X,nulla,Sean,S,King,,M,2/25/1973,9543
135,Yellow,1,2014-06-11T21:48:43Z,069688507-7,at,Joseph,L,Butler,,M,3/22/1956,3553
136,Blue,1,2014-02-20T07:25:04Z,934537153-2,ante,Tina,2XL,Chavez,,F,3/29/1944,3993
137,Pink,1,2014-07-02T10:18:43Z,283430294-4,pharetra,Roger,XS,Webb,,M,9/24/1978,3313
138,Pink,1,2014-04-15T23:00:41Z,978179352-X,in,Billy,L,Walker,,M,7/4/1911,2065
139,Purple,1,2014-10-17T05:45:51Z,537500504-2,porttitor,Shirley,3XL,Watson,,F,12/23/1948,5074
140,Mauv,1,2014-08-15T13:38:12Z,222927413-9,in,Theresa,3XL,Lynch,,F,4/20/1900,7003
141,Blue,1,2014-03-31T13:21:10Z,152345863-1,ante,Joseph,XL,Little,,M,8/11/1978,7307
142,Green,1,2014-10-27T02:13:39Z,329870415-6,orci,Jacqueline,S,Franklin,,F,11/24/1972,6199
143,Turquoise,1,2014-05-29T05:49:59Z,721431862-8,sed,Brandon,XS,Cook,,M,10/15/1909,2205
144,Maroon,1,2014-09-03T13:46:22Z,002116164-X,curae,Stephanie,3XL,Gomez,,F,5/22/1979,1760
145,Green,1,2015-01-05T09:11:05Z,274405977-3,sapien,Ashley,L,Nichols,,F,11/28/1909,6057
146,Fuscia,1,2014-08-25T01:45:35Z,242690871-8,sit,Betty,L,Daniels,,F,6/14/1984,7990
147,Khaki,1,2014-05-08T02:13:27Z,084359940-5,nascetur,Joshua,M,Martinez,,M,7/29/1978,5537
148,Purple,1,2014-12-21T23:51:43Z,688189680-8,pellentesque,Pamela,3XL,Andrews,,F,12/6/1903,7247
149,Green,1,2014-05-28T20:41:18Z,413169584-7,lectus,Shawn,M,Perkins,,M,3/3/1946,1606
150,Purple,1,2014-06-05T22:30:27Z,298020747-0,iaculis,Linda,2XL,Washington,,F,7/15/1932,6277
151,Green,1,2014-05-09T16:53:10Z,004187006-9,vulputate,Nicole,2XL,Wallace,,F,12/8/1984,1318
152,Goldenrod,1,2014-10-12T13:51:10Z,360486148-9,sed,Judith,3XL,Simmons,,F,8/18/1980,1725
153,Maroon,1,2014-08-01T16:19:50Z,583556679-4,in,Roger,XS,Allen,,M,5/13/1974,5497
154,Orange,1,2014-12-22T21:07:21Z,193795017-4,ipsum,Wayne,L,Torres,,M,1/14/1989,3712
155,Goldenrod,1,2014-08-12T21:35:30Z,233164147-1,tortor,Clarence,XS,Parker,,M,4/13/1948,1719
156,Blue,1,2014-12-19T14:41:30Z,075908202-2,tellus,Sarah,L,Ward,,F,10/11/1964,4290
157,Crimson,1,2014-09-08T10:51:12Z,354087653-7,dui,Donald,XS,Hughes,,M,9/14/1962,7309
158,Turquoise,1,2014-12-07T05:07:41Z,537484910-7,consequat,Kathy,S,Ryan,,F,7/19/1923,3841
159,Puce,1,2014-03-19T16:21:21Z,509691999-4,blandit,Carl,M,Wagner,,M,11/1/1966,9840
160,Crimson,1,2014-03-16T14:17:33Z,607011189-3,consequat,Phillip,L,Adams,,M,1/23/1921,6514
161,Purple,1,2014-10-16T17:12:50Z,749093587-3,molestie,Robin,M,Mason,,F,11/4/1974,7130
162,Red,1,2014-09-25T16:45:55Z,681530266-0,ante,Ralph,2XL,Watson,,M,12/30/1941,7061
163,Red,1,2014-02-27T21:01:23Z,610083508-8,in,Carl,2XL,Andrews,,M,11/8/1971,4550
164,Teal,1,2014-06-21T03:04:27Z,536425182-9,venenatis,Laura,M,Alvarez,,F,11/14/1978,8592
165,Crimson,1,2014-10-13T17:56:38Z,836377880-X,suspendisse,Mark,2XL,Ward,,M,3/11/1949,9750
166,Purple,1,2014-12-02T15:28:44Z,712630205-3,eleifend,Johnny,3XL,Edwards,,M,4/28/1949,4098
167,Khaki,1,2014-08-17T16:23:08Z,331072881-1,venenatis,Bonnie,XS,Pierce,,F,9/4/1954,1886
168,Indigo,1,2014-10-05T17:54:07Z,650999678-2,suscipit,Bobby,S,Gibson,,M,4/22/1911,6900
169,Crimson,1,2014-12-31T16:20:24Z,946672785-0,metus,Gloria,M,Castillo,,F,3/30/1945,7026
170,Indigo,1,2014-10-08T16:48:10Z,004073806-X,quis,Paula,XL,Watkins,,F,1/1/1975,3461
171,Pink,1,2014-06-28T07:44:32Z,203914531-1,in,Ronald,L,Weaver,,M,8/30/1974,9661
172,Pink,1,2014-10-06T13:56:54Z,124109046-7,urna,Denise,L,Morris,,F,3/31/1987,2330
173,Violet,1,2014-04-18T21:12:45Z,108803067-X,in,William,2XL,Shaw,,M,2/25/1947,4445
174,Puce,1,2014-10-03T16:56:20Z,896859894-0,elementum,Ruby,XL,Perry,,F,1/9/1929,2784
175,Purple,1,2014-01-18T00:57:36Z,464354095-8,phasellus,James,2XL,Stephens,,M,5/27/1970,7789
176,Fuscia,1,2014-01-14T09:09:39Z,715968996-8,elementum,Carol,2XL,Romero,,F,7/22/1955,2844
177,Mauv,1,2014-08-09T01:48:50Z,202605220-4,libero,Craig,L,Moore,,M,4/24/1943,3153
178,Purple,1,2014-03-21T10:24:08Z,882202983-6,diam,Elizabeth,3XL,Thomas,,F,8/11/1946,7513
179,Fuscia,1,2014-07-25T12:14:12Z,595554163-2,nunc,Pamela,3XL,Washington,,F,12/3/1928,1264
180,Mauv,1,2015-01-01T18:35:36Z,507124715-1,in,William,3XL,Kennedy,,M,2/4/1984,9335
181,Purple,1,2014-11-24T00:30:21Z,717691448-6,donec,Patrick,3XL,Harris,,M,2/15/1969,8953
182,Pink,1,2014-08-31T10:44:51Z,181629393-8,nulla,Teresa,XL,Ferguson,,F,2/20/1966,8962
183,Yellow,1,2014-04-04T05:43:16Z,265924025-6,vulputate,Brenda,S,Stewart,,F,4/28/1987,5958
184,Mauv,1,2014-03-15T09:55:18Z,942417109-9,mus,Craig,3XL,Berry,,M,12/21/1915,2960
185,Aquamarine,1,2014-08-17T02:13:32Z,275558402-5,adipiscing,Eric,XS,Johnston,,M,1/13/1938,3812
186,Goldenrod,1,2014-04-06T13:31:02Z,817625566-1,imperdiet,Diane,2XL,Perez,,F,7/25/1983,7882
187,Goldenrod,1,2014-10-10T11:03:08Z,833062160-X,proin,Joseph,3XL,Elliott,,M,7/13/1925,1812
188,Teal,1,2014-01-27T23:08:21Z,051155404-4,nisi,Jesse,L,Parker,,M,8/26/1931,2098
189,Khaki,1,2014-11-02T20:15:49Z,671812706-X,ultrices,Donna,XS,Gardner,,F,1/22/1910,4454
190,Red,1,2015-01-05T20:31:11Z,941001159-0,tortor,Evelyn,S,Medina,,F,11/18/1982,9820
191,Blue,1,2014-08-31T15:45:01Z,631704230-6,amet,Rachel,M,Flores,,F,7/28/1950,3741
192,Fuscia,1,2014-05-03T06:45:52Z,016945214-X,vel,Amy,2XL,Willis,,F,9/5/1968,9597
193,Crimson,1,2014-07-15T07:39:31Z,493021115-8,lacus,Steve,XS,Gonzales,,M,2/13/1920,8889
194,Goldenrod,1,2015-01-13T15:20:56Z,539928578-9,non,Joe,XS,Mccoy,,M,11/6/1920,6138
195,Turquoise,1,2014-05-05T03:05:44Z,474760496-0,dolor,Shirley,XL,Ortiz,,F,6/15/1940,8690
196,Red,1,2014-03-26T15:22:33Z,402159665-8,aliquam,Rose,M,Nguyen,,F,10/6/1954,1649
197,Orange,1,2014-02-07T13:10:46Z,625212657-8,pellentesque,Aaron,XS,Dean,,M,3/6/1920,4048
198,Mauv,1,2014-08-04T11:12:39Z,176564870-X,rhoncus,Antonio,XL,Lawrence,,M,8/2/1907,9796
199,Purple,1,2014-09-02T05:52:15Z,109827696-5,est,Nicholas,XL,Sanders,,M,10/22/1919,2745
200,Mauv,1,2014-08-03T13:26:24Z,944338990-8,lacinia,Johnny,2XL,Robinson,,M,10/10/1904,2818
201,Turquoise,1,2014-12-10T16:09:29Z,293473727-6,sed,Jonathan,XL,Ray,,M,6/13/1942,2520
202,Pink,1,2014-05-09T12:04:19Z,515070233-1,nonummy,Stephen,2XL,Hughes,,M,12/20/1916,1369
203,Crimson,1,2014-04-17T17:47:15Z,140223856-8,curae,Jonathan,XL,Morgan,,M,8/5/1945,6968
204,Crimson,1,2014-04-12T05:33:37Z,383264690-6,diam,Michael,2XL,Fisher,,M,8/13/1936,3660
205,Violet,1,2014-08-22T04:34:36Z,915560720-9,commodo,Joshua,L,Peterson,,M,10/20/1947,4689
206,Blue,1,2014-10-17T03:10:18Z,635841789-4,nunc,Janet,2XL,Frazier,,F,8/14/1925,9442
207,Green,1,2014-03-04T10:10:24Z,239059543-X,sit,Jennifer,3XL,Wood,,F,2/8/1923,6626
208,Puce,1,2014-06-29T09:08:38Z,566210947-8,sollicitudin,Kelly,XS,Hart,,F,12/7/1902,9058
209,Indigo,1,2014-06-24T14:18:53Z,431671737-5,nibh,Lillian,XL,Bennett,,F,3/21/1974,1607
210,Crimson,1,2014-05-27T18:50:21Z,626876054-9,nibh,Marilyn,M,Martinez,,F,10/7/1923,1431
211,Violet,1,2014-04-15T15:56:48Z,696193549-4,eros,Betty,2XL,Gordon,,F,10/8/1976,7768
212,Goldenrod,1,2014-05-19T23:57:13Z,908265137-8,morbi,Theresa,3XL,Webb,,F,4/10/1925,3431
213,Blue,1,2014-02-20T12:17:29Z,252481513-7,lectus,Sandra,3XL,Cox,,F,2/22/1966,2390
214,Mauv,1,2014-07-10T10:00:47Z,827378096-1,accumsan,Rose,XS,Rose,,F,5/11/1943,7038
215,Red,1,2014-01-26T17:48:44Z,450010413-5,velit,Jeffrey,S,Bradley,,M,4/14/1971,3528
216,Pink,1,2014-12-22T16:49:08Z,074094947-0,quisque,Barbara,XL,Duncan,,F,6/2/1974,9069
217,Violet,1,2014-11-01T09:10:20Z,499078997-0,lectus,Juan,L,Graham,,M,11/28/1939,8346
218,Maroon,1,2014-04-12T08:00:47Z,861856841-4,duis,Norma,XS,Murphy,,F,4/8/1987,4622
219,Teal,1,2014-02-06T23:13:08Z,617077327-8,in,Barbara,L,Ryan,,F,5/12/1987,9896
220,Purple,1,2014-03-31T00:24:52Z,711765021-4,donec,John,3XL,Castillo,,M,12/10/1900,4927
221,Pink,1,2014-04-18T09:52:52Z,044733306-2,sed,Carolyn,XS,Carpenter,,F,5/6/1927,9361
222,Orange,1,2014-02-20T15:11:12Z,094215506-8,curae,Shawn,S,Castillo,,M,9/22/1953,2068
223,Goldenrod,1,2014-07-03T21:26:53Z,132282142-9,dolor,Carol,2XL,Lewis,,F,8/29/1946,3343
224,Crimson,1,2014-10-24T11:31:24Z,880205333-2,accumsan,Karen,L,Berry,,F,4/14/1934,3568
225,Goldenrod,1,2014-07-10T00:54:49Z,127474414-8,non,Jeffrey,L,Walker,,M,1/5/1928,6756
226,Crimson,1,2014-09-13T04:15:16Z,484073698-7,interdum,Theresa,2XL,Rodriguez,,F,7/14/1972,5878
227,Crimson,1,2014-09-20T23:31:53Z,073660536-3,dis,Dorothy,M,Rogers,,F,6/4/1971,3178
228,Orange,1,2014-03-10T07:13:09Z,204488599-9,nulla,Ashley,S,Rivera,,F,7/23/1960,9058
229,Fuscia,1,2014-11-13T10:34:41Z,466327473-0,etiam,Johnny,2XL,Franklin,,M,1/7/1913,8755
230,Yellow,1,2014-12-18T02:40:07Z,208673237-6,at,Mary,XS,Morrison,,F,6/24/1934,8877
231,Puce,1,2014-07-14T13:39:46Z,662817305-4,leo,Virginia,XL,Harper,,F,2/4/1902,1511
232,Red,1,2014-05-16T13:21:22Z,999007921-8,a,Rachel,XL,Alexander,,F,6/1/1989,7071
233,Mauv,1,2014-09-30T20:07:42Z,719460652-6,metus,Annie,S,Olson,,F,5/14/1944,6719
234,Pink,1,2014-09-24T23:52:54Z,818039675-4,pede,Samuel,S,Woods,,M,5/6/1958,2486
235,Fuscia,1,2014-05-02T00:11:06Z,150274999-8,rutrum,Lisa,2XL,Hughes,,F,7/27/1952,9193
236,Red,1,2014-04-29T06:46:45Z,984417895-9,justo,Helen,XL,Andrews,,F,4/25/1901,6987
237,Orange,1,2014-11-27T17:10:41Z,942159158-5,vel,Brenda,L,Fox,,F,10/14/1904,1547
238,Yellow,1,2014-12-07T13:16:31Z,359619820-8,proin,Katherine,XS,Flores,,F,10/4/1971,7655
239,Khaki,1,2014-10-20T10:11:12Z,828443187-4,consequat,Julia,M,Hanson,,F,12/27/1977,5999
240,Blue,1,2014-04-20T02:05:24Z,264633315-3,purus,Rachel,XL,Mills,,F,2/6/1911,7919
241,Orange,1,2014-03-18T14:28:37Z,085869203-1,tempus,Kathy,S,Gardner,,F,6/9/1921,4162
242,Aquamarine,1,2014-01-19T00:00:49Z,454879522-7,sapien,Juan,XS,Gibson,,M,5/22/1959,5131
243,Goldenrod,1,2014-07-12T20:17:38Z,748314891-8,turpis,Debra,S,Johnston,,F,5/2/1909,1663
244,Crimson,1,2014-03-02T18:32:51Z,388394044-5,ante,Julia,S,Gray,,F,8/11/1953,8345
245,Fuscia,1,2014-06-21T14:45:02Z,163939345-5,nibh,Heather,L,Wright,,F,10/9/1971,3399
246,Mauv,1,2014-11-10T18:43:21Z,158757966-9,sed,Andrea,XL,Riley,,F,3/26/1909,7964
247,Teal,1,2014-05-07T09:51:20Z,968978575-3,ipsum,Ronald,L,Reed,,M,6/29/1935,9962
248,Teal,1,2014-07-09T19:24:49Z,449782369-5,sed,Julia,3XL,George,,F,7/22/1914,9497
249,Red,1,2015-01-08T05:22:03Z,325617377-2,tellus,Willie,XL,Hunter,,M,10/13/1973,4933
250,Aquamarine,1,2014-09-28T07:13:24Z,960488911-7,in,Adam,M,Olson,,M,10/14/1938,9051
251,Pink,1,2014-10-07T14:53:59Z,035576537-3,odio,Barbara,2XL,James,,F,5/3/1901,3487
252,Maroon,1,2015-01-13T20:33:48Z,030985957-3,felis,Rose,2XL,Berry,,F,10/10/1937,3437
253,Goldenrod,1,2015-01-01T09:15:18Z,861075488-X,ornare,Kimberly,M,Chavez,,F,9/2/1967,6923
254,Maroon,1,2014-03-29T06:17:08Z,995068960-0,pulvinar,Kevin,2XL,Reed,,M,6/11/1962,9112
255,Turquoise,1,2014-11-06T18:39:43Z,364899068-3,pellentesque,Stephanie,L,Duncan,,F,2/24/1941,3375
256,Puce,1,2014-11-25T01:29:14Z,660551183-2,eu,Jose,XL,Gonzalez,,M,4/13/1940,1748
257,Goldenrod,1,2014-05-14T06:30:42Z,173728915-6,quisque,Emily,2XL,Garcia,,F,1/24/1919,2144
258,Teal,1,2014-04-05T06:12:23Z,646881457-X,iaculis,Ruby,3XL,Knight,,F,8/9/1984,6967
259,Blue,1,2014-06-26T03:43:43Z,731482561-0,ultrices,Michelle,XL,Boyd,,F,6/18/1916,8853
260,Fuscia,1,2014-11-03T09:25:34Z,375869457-4,mauris,Larry,S,Rogers,,M,2/9/1979,7393
261,Pink,1,2014-10-20T01:51:13Z,864904959-1,elit,Denise,XL,Hill,,F,8/26/1958,7846
262,Aquamarine,1,2014-11-01T11:44:15Z,705287378-8,amet,Lillian,XS,Bailey,,F,11/7/1945,4919
263,Purple,1,2014-08-17T11:44:36Z,704586970-3,scelerisque,Gerald,S,Duncan,,M,1/29/1965,9569
264,Fuscia,1,2014-06-03T18:52:28Z,194920071-X,quis,Joe,S,Rice,,M,3/10/1931,6958
265,Teal,1,2014-02-12T23:40:02Z,108265075-7,penatibus,Arthur,3XL,Fields,,M,9/27/1953,9573
266,Turquoise,1,2014-05-10T01:01:10Z,353456466-9,morbi,Ernest,M,Frazier,,M,11/12/1901,5585
267,Green,1,2014-03-26T07:47:10Z,901073797-7,interdum,David,XL,Rodriguez,,M,6/5/1925,4745
268,Violet,1,2014-10-08T03:26:09Z,724928505-X,nisi,Carolyn,S,Bailey,,F,11/19/1920,4448
269,Purple,1,2014-01-20T03:24:02Z,757794198-0,turpis,Ruth,S,Fernandez,,F,2/3/1986,5339
270,Violet,1,2014-08-15T23:57:47Z,876817623-6,odio,Steve,L,King,,M,2/20/1921,6513
271,Turquoise,1,2014-09-10T13:02:59Z,330610290-3,ipsum,Joseph,M,Cole,,M,1/2/1930,2012
272,Crimson,1,2014-11-13T21:07:06Z,742737155-0,pede,Charles,3XL,Fuller,,M,8/27/1940,8063
273,Turquoise,1,2014-03-24T00:19:54Z,147479637-0,malesuada,Willie,S,Lewis,,M,5/19/1944,9063
274,Yellow,1,2014-12-29T13:50:24Z,921361868-9,nibh,Jennifer,3XL,Powell,,F,2/17/1979,3100
275,Pink,1,2014-08-22T00:48:43Z,248783880-9,nulla,Phillip,XL,Garrett,,M,5/17/1962,6077
276,Pink,1,2014-04-27T06:19:41Z,392942452-5,mauris,Brian,2XL,Montgomery,,M,7/23/1939,8919
277,Indigo,1,2015-01-03T09:23:15Z,497516527-9,augue,Gloria,3XL,Lynch,,F,9/12/1920,7437
278,Mauv,1,2014-05-03T04:24:08Z,885617756-0,vivamus,Carolyn,L,Jenkins,,F,6/23/1910,8166
279,Violet,1,2014-05-14T04:38:33Z,314506436-3,bibendum,Harold,L,Kelley,,M,5/23/1951,4244
280,Indigo,1,2014-02-01T00:24:33Z,728171977-9,justo,Earl,2XL,Murphy,,M,5/30/1971,5590
281,Goldenrod,1,2014-10-29T09:40:54Z,075811453-2,semper,Raymond,XL,Cruz,,M,2/25/1920,1634
282,Teal,1,2014-07-21T11:20:14Z,647496517-7,nulla,Sharon,M,Kennedy,,F,7/25/1975,2700
283,Red,1,2014-11-17T02:56:27Z,805051942-2,pulvinar,Eric,S,Robinson,,M,4/25/1943,5641
284,Puce,1,2014-07-10T12:58:58Z,329021890-2,odio,Julie,XS,Morrison,,F,1/3/1922,9303
285,Khaki,1,2014-06-19T19:21:29Z,223735017-5,pretium,Theresa,2XL,Campbell,,F,9/8/1969,5898
286,Pink,1,2014-08-26T22:01:34Z,100061791-2,quisque,Jessica,XS,Powell,,F,3/28/1967,7829
287,Red,1,2014-07-13T19:42:52Z,324494458-2,interdum,Harry,2XL,Collins,,M,1/17/1960,1775
288,Violet,1,2014-12-28T13:22:22Z,890016734-0,quisque,Susan,2XL,Hanson,,F,7/13/1955,6447
289,Aquamarine,1,2014-05-25T19:45:56Z,453234885-4,quam,Samuel,2XL,Snyder,,M,8/11/1970,3436
290,Blue,1,2014-06-27T11:56:46Z,709190647-0,enim,Carol,3XL,Watkins,,F,6/19/1988,8641
291,Mauv,1,2014-04-10T04:17:01Z,635395758-0,morbi,James,3XL,Larson,,M,6/22/1924,3366
292,Blue,1,2014-09-20T10:09:40Z,851809873-4,sapien,Tina,L,Porter,,F,9/14/1936,6256
293,Orange,1,2014-03-21T04:05:18Z,846275537-9,dis,David,S,Reynolds,,M,8/25/1940,9603
294,Fuscia,1,2014-04-26T16:38:21Z,029681579-9,id,Amanda,XL,King,,F,6/29/1944,1329
295,Yellow,1,2014-12-18T09:35:08Z,439107652-7,fermentum,Aaron,3XL,Gutierrez,,M,4/30/1981,9167
296,Orange,1,2014-12-21T15:28:14Z,372421403-0,donec,Katherine,M,Stanley,,F,9/23/1984,1631
297,Maroon,1,2014-08-30T13:06:05Z,471913141-7,mattis,Willie,M,Hunt,,M,8/20/1945,2710
298,Pink,1,2014-03-29T14:26:41Z,010790566-3,consectetuer,Theresa,S,Porter,,F,6/28/1969,9417
299,Violet,1,2014-10-27T06:34:05Z,914758585-4,volutpat,Terry,XL,Chapman,,M,7/6/1969,2154
300,Maroon,1,2015-01-03T12:50:41Z,516296319-4,vel,Peter,XL,Shaw,,M,6/10/1905,1782
301,Purple,1,2014-10-06T03:42:38Z,051865839-2,justo,Louise,XS,Moore,,F,8/31/1959,4130
302,Puce,1,2014-08-07T06:20:55Z,698377913-4,erat,Brandon,XL,Kennedy,,M,5/21/1978,4783
303,Violet,1,2014-09-04T20:16:50Z,479732941-6,lobortis,Gloria,XS,Ramos,,F,9/2/1989,5034
304,Blue,1,2014-02-09T16:52:40Z,238703994-7,lacus,Paula,3XL,Richardson,,F,3/31/1911,7629
305,Mauv,1,2014-11-23T07:17:30Z,002262654-9,platea,Kathryn,XS,Sanchez,,F,9/7/1904,2124
306,Khaki,1,2014-03-20T06:32:39Z,888305621-3,curae,Kenneth,XL,Berry,,M,6/26/1964,4044
307,Green,1,2014-06-23T07:15:49Z,772658480-7,primis,Margaret,3XL,Shaw,,F,6/15/1968,3317
308,Indigo,1,2014-06-18T06:32:59Z,083860030-1,proin,Lois,S,Jordan,,F,1/7/1901,4084
309,Fuscia,1,2014-10-02T17:59:52Z,048043933-8,est,Steve,S,Griffin,,M,12/24/1929,3712
310,Indigo,1,2014-04-12T11:24:43Z,223562823-0,eget,Gloria,XS,Washington,,F,5/4/1936,4937
311,Violet,1,2014-02-25T13:28:03Z,200253678-3,non,Tammy,XL,Henry,,F,5/25/1924,3022
312,Blue,1,2014-08-19T10:50:33Z,363620640-0,id,Lois,M,Lee,,F,3/28/1921,9356
313,Goldenrod,1,2014-10-03T00:01:06Z,201851868-2,cras,Eric,2XL,Rogers,,M,2/7/1943,5528
314,Green,1,2014-02-11T15:19:44Z,066494466-3,nunc,Raymond,XL,Murphy,,M,6/14/1964,8304
315,Crimson,1,2015-01-09T09:12:26Z,361297522-6,porttitor,Julia,3XL,Taylor,,F,8/5/1901,9314
316,Fuscia,1,2014-12-13T17:51:39Z,520077592-2,nibh,Phillip,M,Peterson,,M,5/22/1984,3953
317,Crimson,1,2014-08-01T13:14:39Z,608075275-1,curabitur,Jacqueline,S,Chavez,,F,8/17/1976,4151
318,Blue,1,2014-04-02T03:20:42Z,530787352-2,volutpat,Jimmy,L,Fernandez,,M,2/17/1925,5719
319,Red,1,2014-05-02T05:37:25Z,230380448-5,mattis,Robert,S,Lynch,,M,5/29/1984,6397
320,Turquoise,1,2014-11-05T14:27:50Z,284816241-4,amet,Tammy,3XL,Perkins,,F,7/22/1977,6199
321,Aquamarine,1,2014-07-04T03:51:04Z,232662030-5,penatibus,Bruce,3XL,Harrison,,M,12/2/1977,4306
322,Goldenrod,1,2014-07-30T03:52:46Z,441533704-X,id,Kathy,3XL,Porter,,F,5/8/1923,6936
323,Teal,1,2014-05-20T21:58:24Z,874969859-1,donec,Tammy,XS,Stanley,,F,3/18/1907,2667
324,Goldenrod,1,2014-12-24T09:51:23Z,876704270-8,neque,Judith,M,Henderson,,F,3/30/1943,7427
325,Indigo,1,2014-07-20T02:59:44Z,947362289-9,nunc,Melissa,M,Hansen,,F,7/5/1910,5611
326,Turquoise,1,2014-11-30T17:24:35Z,997227866-2,imperdiet,Kenneth,XS,Crawford,,M,12/21/1902,9857
327,Indigo,1,2014-11-02T01:53:35Z,565740815-2,a,Cynthia,3XL,Willis,,F,8/4/1923,5479
328,Red,1,2014-05-02T01:26:21Z,818459551-4,donec,Gloria,M,Mitchell,,F,7/1/1969,1500
329,Red,1,2014-06-30T03:12:44Z,658417819-6,lacus,Thomas,M,Gilbert,,M,10/15/1937,5137
330,Indigo,1,2015-01-01T09:43:20Z,127375915-X,interdum,Katherine,S,Robinson,,F,12/22/1985,1310
331,Pink,1,2014-02-20T03:30:21Z,939929706-3,aliquam,Stephanie,M,Campbell,,F,6/14/1970,8388
332,Blue,1,2014-04-12T19:34:54Z,580408774-6,pellentesque,Jeffrey,M,Stone,,M,2/25/1968,2636
333,Violet,1,2014-09-12T10:23:48Z,989137618-4,risus,Johnny,M,Cooper,,M,7/17/1975,6167
334,Red,1,2014-07-17T07:22:54Z,442276239-7,eget,Carlos,S,Hunter,,M,9/24/1940,2113
335,Puce,1,2014-09-12T06:44:39Z,158213893-1,luctus,Ashley,S,Mccoy,,F,3/1/1989,8656
336,Mauv,1,2014-05-02T09:49:08Z,311730934-9,sapien,Willie,M,Clark,,M,3/9/1971,3345
337,Aquamarine,1,2014-11-02T21:59:43Z,230578413-9,amet,Michael,XL,Richardson,,M,12/27/1976,6544
338,Purple,1,2014-11-14T08:14:19Z,224855232-7,nisi,Jeffrey,XS,Holmes,,M,10/9/1984,5635
339,Fuscia,1,2014-12-29T17:05:16Z,882434061-X,sed,Willie,3XL,Edwards,,M,2/9/1934,8171
340,Blue,1,2014-12-14T13:58:43Z,301961466-X,amet,Adam,L,Garza,,M,12/11/1947,7313
341,Yellow,1,2014-11-30T20:37:58Z,641994239-X,ac,Jack,XS,Campbell,,M,11/5/1919,4609
342,Yellow,1,2014-09-12T03:10:23Z,167737754-2,morbi,Randy,L,King,,M,11/9/1984,4785
343,Goldenrod,1,2014-08-07T06:29:53Z,296968033-5,pulvinar,Jessica,M,Carpenter,,F,1/19/1947,3217
344,Puce,1,2014-11-25T18:03:28Z,734925452-0,odio,Willie,3XL,Day,,M,11/16/1906,9659
345,Orange,1,2014-07-26T02:35:33Z,213331406-7,ut,Russell,2XL,Kennedy,,M,6/27/1960,5914
346,Violet,1,2014-03-01T18:00:57Z,665308124-9,suspendisse,Ryan,3XL,Duncan,,M,1/22/1940,4386
347,Red,1,2014-12-25T11:19:25Z,548166467-4,interdum,Heather,2XL,Fox,,F,2/23/1922,8724
348,Turquoise,1,2014-11-19T10:07:04Z,443546846-8,in,Martin,L,Edwards,,M,3/12/1948,7945
349,Aquamarine,1,2014-10-09T02:03:24Z,091693784-4,tempus,Harold,L,Daniels,,M,2/10/1948,4182
350,Teal,1,2014-08-23T13:38:44Z,418057406-3,morbi,Peter,L,Rogers,,M,2/12/1911,5647
351,Goldenrod,1,2014-05-30T15:52:35Z,899256505-4,ante,Andrea,M,Fox,,F,6/23/1975,7339
352,Orange,1,2014-02-26T02:00:41Z,328542110-X,at,Debra,2XL,Perry,,F,3/30/1960,7772
353,Mauv,1,2014-04-02T12:50:40Z,684666907-8,lorem,Patricia,XL,Hart,,F,7/23/1918,5986
354,Indigo,1,2014-10-01T22:09:39Z,063155724-5,tellus,David,M,Fuller,,M,10/29/1983,8358
355,Khaki,1,2014-05-17T10:51:17Z,945498401-2,eu,Wanda,3XL,Weaver,,F,8/30/1969,9709
356,Aquamarine,1,2014-08-12T08:16:14Z,693964238-2,montes,Rachel,L,Stevens,,F,1/19/1984,1182
357,Violet,1,2014-10-17T13:17:51Z,957674638-8,et,Kenneth,3XL,Dunn,,M,1/21/1985,1546
358,Green,1,2014-11-26T11:39:01Z,660455177-6,enim,Jean,2XL,Adams,,F,11/19/1908,1032
359,Orange,1,2014-04-09T21:00:15Z,617729674-2,erat,Lillian,M,Owens,,F,12/14/1945,7908
360,Puce,1,2014-03-31T09:32:45Z,233866100-1,lobortis,Justin,M,Hill,,M,3/11/1988,7030
361,Khaki,1,2014-06-08T21:46:39Z,974109193-1,nam,Amanda,L,Holmes,,F,3/26/1935,1728
362,Red,1,2014-06-27T16:31:45Z,852053713-8,est,Ronald,XL,Williamson,,M,4/30/1960,9561
363,Aquamarine,1,2014-02-16T13:23:43Z,502982334-4,rutrum,Bobby,XS,Little,,M,1/1/1913,4187
364,Blue,1,2014-02-23T19:56:53Z,341085121-6,luctus,Teresa,2XL,Lawrence,,F,4/23/1968,7811
365,Violet,1,2014-08-12T19:14:49Z,304018984-0,et,Eugene,L,Washington,,M,2/23/1981,3239
366,Khaki,1,2014-07-04T15:28:08Z,747487281-1,et,Nicole,3XL,King,,F,8/12/1981,5788
367,Khaki,1,2014-09-16T02:27:51Z,121118740-3,rutrum,Eugene,XS,Meyer,,M,12/30/1965,7168
368,Purple,1,2014-05-14T03:37:01Z,661920704-9,scelerisque,Johnny,S,Matthews,,M,8/21/1901,9544
369,Maroon,1,2014-12-14T15:49:38Z,382058402-1,sapien,Gary,2XL,Richards,,M,11/11/1930,2083
370,Pink,1,2014-08-17T02:32:40Z,334058135-5,sapien,Judith,M,Franklin,,F,1/30/1941,8305
371,Orange,1,2015-01-12T07:20:23Z,172287321-3,varius,Sara,XS,Cooper,,F,9/3/1972,4876
372,Purple,1,2014-02-20T05:59:54Z,527857420-8,orci,Ruby,L,Murphy,,F,10/3/1905,7568
373,Violet,1,2014-09-19T20:39:07Z,565902115-8,congue,Dennis,S,Olson,,M,3/22/1909,3006
374,Purple,1,2014-03-12T20:01:43Z,505158919-7,condimentum,Jesse,XL,King,,M,5/13/1980,5018
375,Purple,1,2014-05-22T16:51:06Z,374220390-8,nam,Margaret,S,West,,F,8/9/1925,4912
376,Khaki,1,2014-12-02T03:42:29Z,504157158-9,placerat,Andrea,XL,Peterson,,F,1/15/1940,1041
377,Pink,1,2014-06-16T01:55:10Z,904838004-9,interdum,Ernest,XL,Gray,,M,1/24/1918,4664
378,Crimson,1,2014-04-21T11:45:13Z,759090579-8,erat,Julie,XL,Garza,,F,1/26/1956,9265
379,Orange,1,2014-11-07T00:02:40Z,727039882-8,est,Steve,3XL,Gonzales,,M,8/28/1910,3346
380,Aquamarine,1,2014-09-10T21:03:30Z,636994904-3,nulla,Margaret,2XL,George,,F,1/27/1945,1663
381,Violet,1,2014-10-01T16:04:08Z,310244361-3,ut,Irene,S,Oliver,,F,2/18/1974,4217
382,Khaki,1,2014-03-23T09:10:38Z,855325597-2,ligula,Cheryl,3XL,Simmons,,F,7/23/1961,7911
383,Khaki,1,2014-05-09T02:39:19Z,831022456-7,mi,Louise,S,Riley,,F,10/24/1904,9023
384,Turquoise,1,2014-10-14T16:23:16Z,870460955-7,porttitor,Anne,XS,Torres,,F,5/26/1907,6150
385,Red,1,2014-10-31T21:11:58Z,217486003-1,molestie,Patricia,3XL,Reed,,F,3/5/1917,1648
386,Yellow,1,2014-05-11T18:23:01Z,249673731-9,tincidunt,Shawn,L,Harris,,M,8/1/1963,6056
387,Pink,1,2014-07-24T06:20:39Z,840310864-8,odio,Joshua,L,Black,,M,3/2/1932,2482
388,Indigo,1,2014-11-06T20:26:21Z,615663262-X,tempus,Earl,3XL,Long,,M,3/25/1931,8312
389,Violet,1,2014-07-30T14:39:26Z,420442576-3,mus,Evelyn,3XL,Gomez,,F,2/6/1919,3553
390,Fuscia,1,2014-04-16T14:57:35Z,443619472-8,duis,Nancy,2XL,Turner,,F,11/11/1960,2710
391,Aquamarine,1,2014-08-04T09:31:41Z,237783897-9,convallis,Ronald,3XL,Richards,,M,8/15/1966,7411
392,Crimson,1,2014-04-27T07:03:08Z,216924465-4,amet,Martha,2XL,Dean,,F,6/19/1908,4570
393,Fuscia,1,2014-04-06T19:50:08Z,300610830-2,a,Bruce,L,Miller,,M,8/22/1935,8698
394,Turquoise,1,2014-06-06T19:12:29Z,120745715-9,vivamus,Thomas,3XL,Ortiz,,M,8/5/1916,6014
395,Mauv,1,2014-09-09T17:56:29Z,645390108-0,sit,Bobby,S,Shaw,,M,6/26/1916,1840
396,Maroon,1,2014-05-15T08:16:12Z,774793181-6,velit,Sandra,L,Bell,,F,8/29/1934,8824
397,Turquoise,1,2014-08-31T10:22:57Z,092730416-3,amet,Julia,XS,Crawford,,F,5/17/1946,8832
398,Blue,1,2014-02-08T09:32:34Z,683215396-1,vestibulum,Carlos,M,Simmons,,M,3/1/1924,5549
399,Turquoise,1,2014-02-28T21:20:56Z,797755272-8,mauris,Shawn,XL,Dunn,,M,6/24/1903,6648
400,Yellow,1,2014-10-21T12:54:28Z,613373461-2,feugiat,Marilyn,M,Shaw,,F,12/6/1910,4033
401,Blue,1,2014-10-18T03:01:43Z,161939380-8,amet,Katherine,M,Palmer,,F,1/31/1941,7746
402,Orange,1,2014-10-18T21:42:50Z,741473922-8,donec,Cheryl,XS,Peterson,,F,7/9/1968,3900
403,Violet,1,2014-09-20T18:38:03Z,461457671-0,integer,Tammy,XL,Morrison,,F,11/11/1944,3184
404,Puce,1,2014-06-10T12:40:16Z,906966599-9,porttitor,Katherine,L,Fuller,,F,6/24/1955,4048
405,Pink,1,2014-08-20T00:40:39Z,577681353-0,sem,Christine,3XL,Perkins,,F,5/4/1952,8800
406,Turquoise,1,2014-12-10T01:25:37Z,340114571-1,rutrum,Bobby,2XL,Gibson,,M,4/22/1972,8072
407,Mauv,1,2014-04-02T07:07:01Z,509276885-1,ultricies,Jeffrey,XL,Perez,,M,5/24/1925,6334
408,Goldenrod,1,2014-11-05T01:33:13Z,257096227-9,non,Sean,XL,Baker,,M,8/15/1923,9515
409,Orange,1,2014-12-12T01:26:32Z,916297537-4,ultrices,Joe,3XL,Young,,M,12/12/1913,7773
410,Maroon,1,2015-01-10T14:01:05Z,787315010-0,sem,Lois,XS,Fox,,F,5/29/1919,6750
411,Aquamarine,1,2014-12-03T05:15:59Z,608764797-X,nisl,Fred,3XL,Jones,,M,2/23/1967,5164
412,Violet,1,2014-10-14T05:03:16Z,440454978-4,porttitor,Nancy,XS,Willis,,F,3/29/1902,7088
413,Violet,1,2014-10-13T00:13:15Z,428333695-5,id,Fred,M,George,,M,3/27/1946,6459
414,Teal,1,2015-01-04T07:53:21Z,343196240-8,morbi,Gary,XS,Perez,,M,11/17/1929,9689
415,Maroon,1,2014-04-30T23:21:55Z,461060667-4,ultrices,Jesse,3XL,Perez,,M,7/8/1959,3491
416,Orange,1,2014-05-19T22:51:32Z,410420760-8,tortor,Benjamin,2XL,Mccoy,,M,3/19/1925,4247
417,Purple,1,2014-10-21T16:25:01Z,409950011-X,orci,Evelyn,2XL,Thomas,,F,7/20/1908,6711
418,Mauv,1,2014-02-22T23:52:08Z,144285854-0,molestie,Antonio,XS,Martin,,M,5/14/1948,8108
419,Purple,1,2015-01-03T03:23:45Z,859205910-0,et,Albert,L,Burke,,M,9/19/1964,7212
420,Yellow,1,2014-09-06T16:18:39Z,990801126-X,eget,Shirley,XS,Bradley,,F,9/11/1987,1119
421,Fuscia,1,2014-08-29T08:03:06Z,106755806-3,nulla,Willie,XL,Pierce,,M,2/10/1949,4090
422,Red,1,2014-12-15T03:53:20Z,579317387-0,nisl,Bruce,XS,Boyd,,M,11/11/1928,1895
423,Fuscia,1,2014-06-25T17:09:35Z,118444467-6,nec,Julie,XS,Payne,,F,6/30/1984,5560
424,Turquoise,1,2014-09-04T19:48:40Z,912011661-6,diam,Brenda,S,Rodriguez,,F,9/22/1955,5035
425,Orange,1,2014-02-07T04:41:28Z,757677801-6,aliquet,Helen,S,Morales,,F,12/14/1964,3087
426,Yellow,1,2014-04-26T20:14:36Z,820475833-2,natoque,Julia,M,Alexander,,F,9/27/1965,6179
427,Teal,1,2014-05-01T04:21:49Z,222097804-4,in,Mark,XL,Cole,,M,6/16/1982,9282
428,Red,1,2014-07-18T12:07:19Z,072491195-2,tellus,Jack,L,Sanders,,M,4/2/1903,3291
429,Orange,1,2014-11-03T16:51:32Z,981216044-2,velit,Jason,M,Payne,,M,11/1/1919,2900
430,Goldenrod,1,2014-04-30T22:39:35Z,329626168-0,mauris,Lisa,XS,Moreno,,F,2/9/1958,4043
431,Green,1,2014-08-10T20:31:35Z,983825958-6,non,Antonio,S,Castillo,,M,4/17/1929,3356
432,Aquamarine,1,2014-08-29T13:47:45Z,928113985-5,vel,Wayne,L,Ward,,M,12/7/1946,3139
433,Fuscia,1,2014-08-28T09:29:49Z,742089602-X,dignissim,Sean,XS,Berry,,M,2/4/1989,3369
434,Pink,1,2014-09-30T17:14:51Z,383760402-0,sit,Sara,S,Reyes,,F,7/19/1919,6484
435,Puce,1,2014-12-12T14:39:40Z,210939512-5,dolor,Jack,2XL,Scott,,M,5/29/1988,2635
436,Maroon,1,2014-12-11T10:35:21Z,641976135-2,ut,Mildred,XL,Evans,,F,2/22/1906,1189
437,Goldenrod,1,2014-12-18T17:11:19Z,065900839-4,erat,Phillip,XL,Willis,,M,1/21/1915,5338
438,Mauv,1,2014-10-14T15:42:51Z,219116175-8,pede,Andrea,S,Woods,,F,7/1/1937,2188
439,Goldenrod,1,2014-06-12T04:58:12Z,730711143-8,quis,Peter,L,Warren,,M,10/14/1973,8780
440,Pink,1,2014-05-05T18:47:41Z,254692716-7,mi,Rebecca,XS,Fernandez,,F,1/19/1910,8402
441,Orange,1,2014-03-28T13:01:49Z,354999583-0,in,Gary,3XL,Jordan,,M,2/23/1918,4008
442,Green,1,2014-03-12T06:28:31Z,967064601-4,cubilia,Fred,3XL,Gilbert,,M,7/14/1914,2402
443,Red,1,2014-07-24T17:46:55Z,060153784-X,orci,Carlos,M,Gonzalez,,M,9/19/1904,9633
444,Orange,1,2014-07-18T04:29:06Z,885792249-9,felis,Donald,M,Bradley,,M,1/30/1970,6128
445,Puce,1,2014-06-02T10:26:38Z,506165498-6,platea,Patrick,XL,Berry,,M,9/15/1905,1209
446,Purple,1,2014-05-11T18:39:47Z,706950380-6,quam,Brenda,3XL,Oliver,,F,10/29/1972,6807
447,Crimson,1,2014-09-18T16:05:37Z,218515457-5,lacinia,Jessica,M,Howard,,F,2/12/1973,8095
448,Indigo,1,2014-08-04T18:34:33Z,631841823-7,potenti,Paul,S,Smith,,M,12/10/1935,9235
449,Purple,1,2014-09-27T05:43:13Z,113907148-3,vehicula,Daniel,M,Jackson,,M,9/21/1954,8190
450,Purple,1,2014-10-07T11:57:21Z,558366117-8,dictumst,Mary,XL,Little,,F,5/6/1922,6414
451,Green,1,2014-10-12T10:34:30Z,362078928-2,enim,David,XL,White,,M,3/26/1910,3504
452,Puce,1,2014-03-30T19:00:49Z,940328652-0,etiam,Randy,L,Howard,,M,1/7/1962,1928
453,Khaki,1,2014-10-19T23:19:34Z,675158572-1,nam,Jeremy,2XL,Gardner,,M,11/19/1936,8883
454,Crimson,1,2014-07-16T02:14:25Z,553066685-X,et,Diana,L,Russell,,F,5/4/1971,6456
455,Teal,1,2014-01-25T13:23:47Z,582658406-8,augue,Robin,M,Bradley,,F,9/9/1986,2733
456,Mauv,1,2014-02-23T08:33:52Z,735581321-8,augue,Randy,XL,Gonzales,,M,9/10/1909,4397
457,Goldenrod,1,2014-05-15T05:47:01Z,798077358-6,at,John,XL,Bishop,,M,4/1/1964,5245
458,Yellow,1,2014-06-30T05:11:02Z,668001946-X,iaculis,Alan,3XL,Burke,,M,10/25/1974,2558
459,Purple,1,2014-09-07T09:02:16Z,334121763-0,lectus,Kathy,L,Green,,F,8/25/1954,8056
460,Teal,1,2015-01-12T18:17:12Z,116030341-X,et,Chris,S,Little,,M,7/9/1977,7799
461,Goldenrod,1,2014-07-05T12:52:42Z,428776756-X,id,Joyce,L,Day,,F,9/1/1918,7414
462,Fuscia,1,2014-05-10T10:22:45Z,629818200-4,posuere,Gloria,2XL,Edwards,,F,8/12/1913,2941
463,Orange,1,2014-01-22T12:48:47Z,571122715-7,pede,Lori,3XL,Bradley,,F,6/5/1903,3796
464,Purple,1,2014-07-24T23:29:14Z,052230157-6,ligula,Robin,2XL,James,,F,8/14/1970,1967
465,Blue,1,2014-04-17T21:40:27Z,950364908-0,quam,Joshua,3XL,Reyes,,M,12/2/1918,1685
466,Puce,1,2014-03-04T17:27:57Z,389889244-1,maecenas,Ralph,XS,Gordon,,M,3/31/1939,8027
467,Yellow,1,2014-08-08T23:55:33Z,533104519-7,et,Joan,3XL,Morgan,,F,6/19/1952,9898
468,Khaki,1,2014-10-03T11:28:20Z,611048246-3,elit,William,L,Castillo,,M,1/23/1911,7659
469,Green,1,2014-09-22T09:42:20Z,767899730-2,gravida,Kenneth,M,Phillips,,M,8/1/1986,3667
470,Maroon,1,2014-07-20T09:29:33Z,300054000-8,in,Phyllis,L,Reid,,F,10/3/1964,7336
471,Aquamarine,1,2014-06-21T11:33:28Z,009707037-8,rhoncus,Kelly,XS,Parker,,F,4/12/1913,4560
472,Maroon,1,2014-04-15T04:55:32Z,355035897-0,leo,Samuel,S,Morris,,M,6/19/1927,5275
473,Fuscia,1,2014-10-04T07:21:47Z,145371350-6,in,Lillian,S,Miller,,F,9/4/1973,3371
474,Violet,1,2014-02-14T06:39:48Z,664776023-7,sapien,Albert,S,Young,,M,4/9/1925,4302
475,Blue,1,2014-05-30T04:36:48Z,315501079-7,erat,Brandon,S,Fowler,,M,5/13/1965,9633
476,Indigo,1,2014-09-09T07:26:06Z,933922167-2,justo,Dennis,2XL,Perkins,,M,2/27/1940,9026
477,Aquamarine,1,2014-04-18T18:09:40Z,613519826-2,bibendum,Catherine,L,Mendoza,,F,12/19/1939,7746
478,Pink,1,2014-11-23T17:57:44Z,802219361-5,nam,Jerry,3XL,Ray,,M,1/13/1946,4907
479,Yellow,1,2014-08-09T01:58:59Z,259793034-3,quam,Wayne,M,Cooper,,M,2/26/1941,7997
480,Orange,1,2015-01-08T14:14:50Z,519793388-7,posuere,Anna,2XL,Washington,,F,12/8/1984,6679
481,Orange,1,2014-09-30T22:56:56Z,160712337-1,phasellus,Keith,3XL,Schmidt,,M,4/29/1906,4954
482,Aquamarine,1,2014-12-14T02:16:20Z,617011857-1,est,Laura,3XL,Lynch,,F,12/10/1901,9483
483,Blue,1,2014-04-10T12:41:37Z,575588549-4,et,Judy,L,Rogers,,F,1/16/1940,5565
484,Puce,1,2014-10-09T07:13:54Z,007465734-8,velit,Bruce,2XL,Anderson,,M,10/28/1920,5353
485,Indigo,1,2014-03-02T10:21:21Z,462376965-8,diam,Jack,S,Thomas,,M,11/19/1984,2070
486,Khaki,1,2014-06-14T18:29:34Z,988126238-0,malesuada,Andrea,S,Fields,,F,11/15/1979,6356
487,Turquoise,1,2014-11-04T12:20:48Z,542748436-1,leo,Robin,XS,Perez,,F,5/25/1949,8614
488,Puce,1,2014-05-04T19:04:12Z,077649124-5,varius,Patrick,2XL,Ward,,M,6/25/1951,9044
489,Fuscia,1,2014-03-16T06:52:33Z,474452315-3,in,Kimberly,2XL,Owens,,F,3/7/1943,5135
490,Orange,1,2014-08-07T19:26:53Z,375883914-9,at,Jane,M,Allen,,F,10/28/1934,6570
491,Pink,1,2014-04-26T20:50:44Z,070806880-4,odio,Annie,M,Burns,,F,9/26/1940,5471
492,Puce,1,2014-07-20T18:37:55Z,624157605-4,id,Linda,M,Fuller,,F,5/5/1944,3273
493,Pink,1,2014-04-26T07:12:14Z,037945588-9,venenatis,Jessica,XS,Gray,,F,12/8/1963,4474
494,Mauv,1,2014-09-09T23:41:57Z,063169663-6,ac,Charles,XS,Miller,,M,10/16/1965,1594
495,Blue,1,2014-06-19T07:30:17Z,497843225-1,etiam,Sandra,3XL,Black,,F,4/13/1953,5501
496,Khaki,1,2014-10-12T16:41:12Z,128874436-6,justo,Donna,L,Edwards,,F,7/9/1927,3546
497,Green,1,2014-05-24T16:30:26Z,448175831-7,mi,Kathleen,2XL,Nichols,,F,2/12/1983,9479
498,Fuscia,1,2014-08-05T03:06:33Z,689580057-3,ut,Terry,M,Jones,,M,4/10/1914,5284
499,Green,1,2014-06-02T04:04:59Z,104079085-2,consectetuer,Robin,S,Jackson,,F,3/29/1944,8393
500,Maroon,1,2014-05-12T16:17:45Z,208669561-6,ultrices,Christopher,3XL,Matthews,,M,11/17/1955,9338
501,Aquamarine,1,2014-11-05T03:07:15Z,460640385-3,pellentesque,Raymond,XL,Wood,,M,4/11/1929,3068
502,Violet,1,2014-04-14T02:12:01Z,896230920-3,ipsum,Kenneth,XL,Lane,,M,7/14/1954,2884
503,Aquamarine,1,2014-12-01T02:04:24Z,092241649-4,donec,Albert,L,Sullivan,,M,2/4/1941,3693
504,Violet,1,2014-07-07T19:18:20Z,474342891-2,erat,Rebecca,XL,Stone,,F,3/14/1900,7876
505,Mauv,1,2014-05-08T20:38:33Z,153449518-5,pede,Catherine,XS,Ramos,,F,5/21/1935,4646
506,Turquoise,1,2015-01-13T07:18:55Z,870474585-X,lectus,William,2XL,Hunt,,M,2/15/1961,8235
507,Teal,1,2014-04-06T15:34:25Z,218569944-X,ullamcorper,Rachel,XS,Dixon,,F,7/31/1910,5920
508,Violet,1,2014-12-20T14:45:15Z,239384607-7,at,Sean,3XL,Alvarez,,M,10/30/1962,1435
509,Blue,1,2014-09-14T03:20:33Z,636946463-5,rhoncus,Larry,M,Wood,,M,10/28/1956,7258
510,Crimson,1,2014-09-09T21:23:56Z,096825571-X,nibh,Ralph,M,Ruiz,,M,12/12/1908,3146
511,Indigo,1,2014-10-12T23:14:49Z,775727205-X,curabitur,Philip,S,Stanley,,M,5/13/1985,2125
512,Puce,1,2014-01-18T03:17:40Z,181596202-X,justo,Gary,S,Palmer,,M,7/11/1907,5918
513,Orange,1,2014-01-29T19:28:25Z,493125477-2,odio,Steve,L,Burke,,M,8/24/1938,4178
514,Indigo,1,2014-04-04T03:26:36Z,947356935-1,viverra,Peter,2XL,Simmons,,M,6/29/1948,3147
515,Aquamarine,1,2014-06-18T21:39:34Z,485573388-1,in,Edward,3XL,Freeman,,M,3/20/1977,3138
516,Violet,1,2014-12-09T23:00:55Z,258514081-4,semper,Julie,S,Graham,,F,11/23/1975,7634
517,Khaki,1,2014-09-10T20:09:42Z,802163621-1,nulla,Emily,XL,Jones,,F,12/15/1985,4220
518,Fuscia,1,2014-08-14T23:40:54Z,476335041-2,at,Rachel,3XL,Fox,,F,9/9/1936,6711
519,Blue,1,2014-10-16T06:08:39Z,279419504-2,in,Diane,S,Adams,,F,3/1/1920,9036
520,Yellow,1,2014-04-20T00:19:05Z,645835680-3,morbi,Harold,3XL,Turner,,M,12/17/1963,4035
521,Red,1,2014-10-04T21:29:57Z,372407642-8,amet,Mark,M,Roberts,,M,9/7/1965,1961
522,Goldenrod,1,2014-01-19T07:28:04Z,258801283-3,vestibulum,Katherine,3XL,Burke,,F,1/18/1978,3304
523,Pink,1,2014-09-10T12:22:22Z,986104331-4,mauris,Rachel,2XL,Campbell,,F,4/2/1983,3169
524,Yellow,1,2014-03-04T09:01:41Z,711279443-9,venenatis,Rachel,XL,Arnold,,F,1/19/1982,3629
525,Goldenrod,1,2014-03-05T13:22:01Z,095326075-5,ligula,Cynthia,L,Armstrong,,F,4/7/1935,9536
526,Aquamarine,1,2014-11-10T10:47:14Z,242536985-6,eu,Gregory,2XL,Ray,,M,6/12/1983,7280
527,Violet,1,2014-08-29T06:17:33Z,907759626-7,ante,Ashley,XS,Medina,,F,9/21/1962,2772
528,Yellow,1,2014-08-14T14:39:40Z,633477818-8,pellentesque,Angela,XS,Kennedy,,F,4/24/1952,3899
529,Violet,1,2014-12-18T15:53:04Z,103556126-3,nulla,Debra,L,Torres,,F,7/11/1956,3475
530,Yellow,1,2014-05-19T22:13:47Z,885961254-3,nisl,Craig,S,Castillo,,M,7/5/1957,5617
531,Blue,1,2014-06-23T16:25:33Z,433804686-4,ante,Chris,M,Burton,,M,5/17/1960,2039
532,Mauv,1,2014-05-29T03:06:42Z,915776716-5,elit,Antonio,M,Price,,M,6/21/1935,2601
533,Indigo,1,2014-04-10T11:38:33Z,769903824-X,pretium,Dorothy,M,Day,,F,1/8/1961,7844
534,Turquoise,1,2014-04-10T09:15:41Z,678317348-8,nullam,Carol,XS,Ramos,,F,4/7/1929,2860
535,Turquoise,1,2014-01-22T18:51:40Z,958270556-6,semper,Clarence,XL,Rice,,M,1/17/1949,3248
536,Purple,1,2015-01-02T17:29:24Z,671778979-4,aliquam,Eugene,L,Graham,,M,11/1/1979,3068
537,Khaki,1,2014-07-20T08:12:27Z,350139718-6,amet,Anna,2XL,Miller,,F,11/16/1954,3773
538,Blue,1,2014-07-07T09:06:41Z,255422018-2,sed,Douglas,L,Riley,,M,5/11/1923,1198
539,Mauv,1,2014-09-20T17:38:46Z,928449793-0,vulputate,Paula,2XL,Jordan,,F,2/3/1912,9871
540,Aquamarine,1,2014-04-26T20:17:25Z,991118043-3,justo,Marie,XL,Schmidt,,F,1/30/1914,9616
541,Crimson,1,2014-08-31T02:50:14Z,628434317-5,vel,Mildred,XL,Lynch,,F,10/1/1947,5351
542,Violet,1,2014-05-16T07:33:10Z,277933468-1,fusce,Jose,XS,Taylor,,M,10/24/1976,6642
543,Maroon,1,2014-08-24T03:42:47Z,707932186-7,odio,Patricia,XS,Marshall,,F,4/13/1985,9246
544,Crimson,1,2014-07-04T02:38:39Z,106488459-8,at,Norma,XS,Walker,,F,4/21/1951,9691
545,Aquamarine,1,2014-12-28T15:51:33Z,646936905-7,aliquet,Jose,3XL,Kelly,,M,8/15/1918,7384
546,Fuscia,1,2014-10-31T21:06:22Z,380017053-1,mauris,Billy,XL,Anderson,,M,2/3/1905,9347
547,Puce,1,2014-11-08T18:28:17Z,147303757-3,sed,Tammy,XL,Mills,,F,10/28/1947,3599
548,Fuscia,1,2014-07-15T14:25:42Z,224659433-2,metus,Paul,L,Day,,M,10/15/1929,7728
549,Yellow,1,2015-01-05T05:40:27Z,504288750-4,quis,Phyllis,XL,Rice,,F,9/3/1971,9787
550,Yellow,1,2014-02-21T10:42:51Z,837681088-X,cras,Angela,XL,Dean,,F,2/14/1986,9629
551,Aquamarine,1,2014-08-26T03:03:35Z,766781413-9,tortor,Michelle,L,Thomas,,F,7/11/1984,6786
552,Maroon,1,2014-08-21T05:26:52Z,258570870-5,morbi,Susan,S,Daniels,,F,1/11/1938,2508
553,Khaki,1,2014-03-27T18:00:06Z,413486412-7,morbi,Theresa,XS,Smith,,F,5/24/1961,3574
554,Maroon,1,2014-03-06T03:00:53Z,008745628-1,tristique,Lawrence,XS,Reynolds,,M,3/17/1924,3627
555,Teal,1,2014-07-04T04:31:21Z,101676430-8,nec,Diane,S,Wright,,F,4/29/1903,1608
556,Violet,1,2014-06-07T21:01:27Z,601033580-9,tristique,Benjamin,XL,Carr,,M,8/13/1966,3824
557,Blue,1,2014-02-17T03:03:28Z,132388526-9,orci,George,M,Martin,,M,3/30/1927,3739
558,Maroon,1,2014-08-25T05:10:36Z,938292560-0,nec,Jean,XS,Meyer,,F,7/3/1937,7605
559,Red,1,2014-12-07T02:54:33Z,941447670-9,morbi,Matthew,XS,Smith,,M,10/20/1929,7197
560,Orange,1,2014-10-09T16:06:32Z,692016498-1,porta,Melissa,2XL,Ramos,,F,10/23/1946,5303
561,Fuscia,1,2014-11-07T12:44:10Z,903587517-6,tristique,Julie,2XL,Romero,,F,2/20/1988,8347
562,Red,1,2014-12-12T01:52:26Z,681215099-1,adipiscing,Jacqueline,3XL,Jacobs,,F,1/20/1918,1660
563,Blue,1,2014-11-07T19:47:11Z,778717945-7,dolor,Kathryn,M,Rose,,F,4/16/1967,1266
564,Indigo,1,2014-10-22T06:51:47Z,790377321-6,ante,James,XS,Hicks,,M,4/11/1948,1882
565,Mauv,1,2014-11-05T15:35:55Z,279723790-0,duis,Emily,3XL,Wheeler,,F,4/27/1989,7697
566,Violet,1,2014-10-13T08:59:24Z,313065876-9,nisl,Jane,XS,Wagner,,F,8/14/1982,8941
567,Goldenrod,1,2014-10-14T09:12:54Z,592346428-4,odio,Elizabeth,2XL,Torres,,F,9/27/1906,3803
568,Violet,1,2014-12-31T02:20:50Z,095771812-8,donec,Kenneth,XS,George,,M,12/28/1957,3353
569,Purple,1,2014-09-23T08:10:52Z,576272264-3,viverra,Marilyn,XL,Arnold,,F,3/4/1976,3860
570,Purple,1,2014-12-31T14:47:20Z,189788177-0,nisi,Walter,S,Elliott,,M,7/18/1969,5200
571,Khaki,1,2014-10-12T05:36:14Z,704554571-1,pede,Heather,XL,Watkins,,F,2/13/1921,3360
572,Violet,1,2015-01-01T01:20:26Z,023999521-X,aenean,Cynthia,XL,Fields,,F,9/20/1905,4390
573,Mauv,1,2014-08-19T07:39:07Z,446450986-X,id,Ryan,S,Gutierrez,,M,7/6/1949,5606
574,Orange,1,2014-02-15T02:01:43Z,638446329-6,tincidunt,Carlos,3XL,Sullivan,,M,5/15/1901,7663
575,Orange,1,2014-05-13T17:59:35Z,219332072-1,id,Craig,XL,Rogers,,M,5/8/1920,8596
576,Mauv,1,2014-03-25T00:30:32Z,371598749-9,cubilia,Patrick,3XL,Sims,,M,6/23/1922,6779
577,Fuscia,1,2014-01-30T09:32:40Z,619727246-6,eros,Thomas,L,Wagner,,M,11/7/1924,5330
578,Purple,1,2014-10-12T03:29:45Z,317887291-4,et,Christine,2XL,Bishop,,F,4/24/1923,4968
579,Pink,1,2014-08-05T14:34:46Z,227317168-4,duis,Ruth,3XL,Hall,,F,8/22/1972,3199
580,Blue,1,2014-11-17T12:21:48Z,405230025-4,a,Joyce,M,Perry,,F,1/29/1975,5225
581,Violet,1,2014-02-25T09:04:28Z,275319153-0,vitae,Willie,S,Robinson,,M,9/25/1954,6028
582,Puce,1,2014-09-18T14:45:32Z,687323979-8,id,Steve,S,Rogers,,M,11/8/1919,4295
583,Indigo,1,2014-06-16T09:55:37Z,430634054-6,sed,Julia,XS,Baker,,F,4/17/1937,6417
584,Khaki,1,2014-09-21T03:51:47Z,849544402-X,nibh,Aaron,XL,Diaz,,M,7/1/1920,2062
585,Turquoise,1,2014-12-31T05:23:52Z,729919821-5,eget,Brian,XS,Powell,,M,11/8/1905,7592
586,Aquamarine,1,2014-01-22T06:33:45Z,841226148-8,sapien,Teresa,3XL,Hamilton,,F,5/22/1932,7238
587,Fuscia,1,2014-02-09T11:54:35Z,525125726-0,ultrices,Anne,L,Brown,,F,10/3/1936,6838
588,Red,1,2014-11-09T09:17:45Z,215236581-X,nunc,Alice,2XL,Nelson,,F,10/20/1985,9451
589,Khaki,1,2014-10-24T23:15:12Z,826788197-2,bibendum,Joyce,3XL,Perez,,F,5/13/1956,9148
590,Maroon,1,2014-10-28T14:11:25Z,578195990-4,ac,Jacqueline,L,Gordon,,F,11/21/1984,6413
591,Aquamarine,1,2014-12-12T07:31:20Z,017859044-4,lorem,Rose,XL,Ramos,,F,10/21/1972,9070
592,Mauv,1,2014-07-19T06:17:09Z,026921668-5,pellentesque,Judith,3XL,Perry,,F,12/31/1971,3348
593,Puce,1,2014-02-20T22:45:10Z,094587341-7,posuere,Phyllis,3XL,Ferguson,,F,9/9/1951,9730
594,Turquoise,1,2014-07-10T00:54:30Z,797229986-2,iaculis,Gregory,XL,Reid,,M,5/15/1958,9664
595,Violet,1,2014-04-04T04:14:53Z,330681726-0,ipsum,Russell,XL,Gonzalez,,M,9/1/1900,3113
596,Blue,1,2014-08-01T15:13:34Z,245294985-X,ac,Phillip,XS,Reyes,,M,10/19/1971,4771
597,Turquoise,1,2015-01-05T22:07:01Z,121937276-5,eget,Matthew,XL,Nguyen,,M,4/8/1937,3268
598,Puce,1,2014-09-12T09:11:46Z,693044892-3,habitasse,Fred,XS,Long,,M,3/10/1910,3117
599,Aquamarine,1,2014-01-16T20:30:50Z,350702817-4,primis,Karen,XS,Fuller,,F,11/29/1975,5869
600,Crimson,1,2014-02-23T16:22:30Z,156095750-6,eget,Martha,S,Mendoza,,F,7/20/1930,4026
601,Turquoise,1,2014-01-22T18:12:03Z,658176316-0,porta,Scott,2XL,Rice,,M,5/15/1963,6914
602,Turquoise,1,2014-03-19T20:53:02Z,681330841-6,nam,Stephen,S,Ruiz,,M,1/24/1965,1318
603,Crimson,1,2014-01-16T21:58:20Z,180372517-6,lectus,Diana,3XL,Alexander,,F,3/25/1943,2342
604,Fuscia,1,2014-02-21T23:17:55Z,312743443-X,at,Amy,2XL,Garcia,,F,2/13/1906,3474
605,Pink,1,2014-06-08T05:52:38Z,818005222-2,tempus,Arthur,L,Garcia,,M,3/2/1923,2949
606,Green,1,2014-03-25T15:36:00Z,575812903-8,orci,Tammy,XS,Daniels,,F,2/5/1932,8409
607,Mauv,1,2014-11-11T01:38:22Z,764718028-2,maecenas,Joshua,M,Mason,,M,11/19/1939,6983
608,Fuscia,1,2014-06-23T15:43:34Z,483051399-3,aenean,Helen,XL,Stewart,,F,10/1/1985,2761
609,Puce,1,2014-01-23T14:24:32Z,258642383-6,leo,Phillip,XS,Olson,,M,3/12/1962,5293
610,Goldenrod,1,2014-07-22T13:00:51Z,836203649-4,non,Frances,XS,Arnold,,F,7/8/1943,3259
611,Indigo,1,2014-08-25T17:21:55Z,762830365-X,ipsum,Charles,L,Reynolds,,M,3/13/1908,7258
612,Aquamarine,1,2014-03-21T19:28:40Z,095285314-0,tristique,Ashley,XS,Gordon,,F,12/3/1931,3139
613,Yellow,1,2014-07-08T18:17:11Z,399251846-9,convallis,Catherine,XS,Johnson,,F,3/17/1908,7849
614,Yellow,1,2014-01-27T08:06:43Z,592799018-5,justo,Heather,M,Alvarez,,F,11/2/1963,4017
615,Crimson,1,2014-02-11T15:13:01Z,961570662-0,nibh,Cynthia,2XL,Tucker,,F,4/21/1975,4191
616,Crimson,1,2014-11-10T09:32:58Z,951170915-1,quam,Andrew,S,Roberts,,M,4/24/1911,9280
617,Indigo,1,2014-09-16T15:03:12Z,434881654-9,rutrum,Anthony,3XL,Rice,,M,10/2/1967,1196
618,Blue,1,2014-02-03T18:41:16Z,681271459-3,quisque,Keith,XS,Lane,,M,5/28/1943,9363
619,Blue,1,2014-06-09T10:59:28Z,307459332-6,magna,Jerry,XL,Martin,,M,4/22/1925,8005
620,Crimson,1,2014-05-10T10:39:36Z,659537176-6,parturient,Larry,S,Bowman,,M,4/19/1968,1692
621,Orange,1,2014-02-22T07:35:52Z,416704295-9,massa,Roy,2XL,Young,,M,9/28/1943,7359
622,Mauv,1,2014-08-09T17:35:54Z,712604663-4,mauris,Amy,3XL,Mcdonald,,F,12/24/1933,7516
623,Crimson,1,2014-12-20T06:20:45Z,434070207-2,etiam,Joshua,XS,Bowman,,M,6/3/1978,3785
624,Purple,1,2015-01-04T21:39:41Z,678286959-4,aliquam,John,2XL,Simpson,,M,11/6/1940,9097
625,Purple,1,2014-10-22T19:12:44Z,532908312-5,eleifend,Christine,XS,Boyd,,F,8/31/1955,3473
626,Mauv,1,2014-05-15T23:43:11Z,418133153-9,lobortis,Robin,S,Garrett,,F,1/9/1916,5594
627,Red,1,2014-05-27T06:33:57Z,242744566-5,curae,James,2XL,Mason,,M,12/26/1987,9590
628,Green,1,2014-08-24T22:18:29Z,743760502-3,a,Robin,L,Brown,,F,1/3/1924,3463
629,Pink,1,2014-04-06T19:26:33Z,469465513-2,metus,Jeffrey,XS,Bryant,,M,9/12/1934,7942
630,Purple,1,2014-04-27T07:46:01Z,432626235-4,lacus,Rachel,S,Fields,,F,7/1/1927,9778
631,Yellow,1,2014-07-04T14:40:21Z,773208793-3,odio,Stephanie,L,Moreno,,F,4/22/1953,1009
632,Maroon,1,2014-12-28T12:33:27Z,781895806-1,augue,Philip,XL,Kelly,,M,4/23/1977,1698
633,Turquoise,1,2014-10-18T04:19:42Z,348650482-7,sed,Gregory,XL,Lawson,,M,7/17/1910,5158
634,Aquamarine,1,2014-09-27T02:28:32Z,602998737-2,at,Andrea,S,Ellis,,F,1/23/1955,8406
635,Crimson,1,2014-09-26T13:48:10Z,444193794-6,sit,Frank,L,Taylor,,M,3/10/1905,1502
636,Khaki,1,2014-04-28T03:10:51Z,070987703-X,eu,Carlos,XS,Bishop,,M,9/13/1913,7950
637,Blue,1,2014-10-12T11:01:04Z,225283629-6,nullam,Dennis,3XL,Dean,,M,8/4/1954,4290
638,Red,1,2014-12-05T14:04:19Z,322799423-2,enim,Michael,L,Olson,,M,7/11/1982,3477
639,Puce,1,2014-08-01T18:19:27Z,107952692-7,id,Jennifer,S,Frazier,,F,9/27/1927,6347
640,Purple,1,2014-07-02T20:39:36Z,734567858-X,neque,Stephen,XL,Hanson,,M,7/1/1958,1046
641,Turquoise,1,2014-08-15T05:20:27Z,449369093-3,nec,Jimmy,3XL,Berry,,M,4/3/1912,1551
642,Mauv,1,2014-12-18T23:18:43Z,529972690-2,dui,Sean,M,Ellis,,M,7/22/1939,7509
643,Crimson,1,2014-08-22T04:08:35Z,940295868-1,donec,Carl,XL,Banks,,M,4/21/1965,2512
644,Indigo,1,2014-12-26T00:49:41Z,644057128-1,a,Patricia,3XL,Fox,,F,7/21/1948,7572
645,Fuscia,1,2014-10-04T00:48:51Z,474467301-5,morbi,Andrew,M,Reid,,M,2/5/1958,9759
646,Turquoise,1,2014-10-28T14:39:57Z,374938459-2,pretium,Heather,XS,Lopez,,F,10/19/1987,7814
647,Mauv,1,2014-08-07T13:50:57Z,061656996-3,curae,Pamela,2XL,Patterson,,F,9/5/1985,5508
648,Yellow,1,2014-11-07T01:42:16Z,900664251-7,nunc,Julie,3XL,Wagner,,F,12/30/1945,6516
649,Blue,1,2014-05-20T00:58:02Z,727867372-0,vulputate,Bonnie,XS,Burke,,F,11/30/1930,6985
650,Maroon,1,2014-11-14T00:13:18Z,242342953-3,quis,Kelly,2XL,Wilson,,F,12/17/1913,6212
651,Mauv,1,2014-02-13T00:32:25Z,501514705-8,aliquam,Angela,3XL,Stewart,,F,6/28/1943,1052
652,Crimson,1,2014-10-21T20:08:44Z,588441202-9,tincidunt,Terry,XL,Hill,,M,5/1/1939,8600
653,Turquoise,1,2014-09-06T01:20:51Z,045695730-8,vivamus,Lillian,S,Hill,,F,4/22/1950,1129
654,Goldenrod,1,2014-11-02T22:33:20Z,243075072-4,massa,Diana,XS,Bryant,,F,4/24/1949,5851
655,Red,1,2014-06-02T12:56:19Z,177725199-0,iaculis,Amy,S,Watson,,F,3/16/1927,3933
656,Violet,1,2014-06-20T11:53:22Z,825875069-0,suspendisse,Howard,L,Morales,,M,12/17/1935,1132
657,Fuscia,1,2014-08-26T04:31:16Z,252836448-2,ultrices,Harold,S,Scott,,M,5/10/1947,7954
658,Pink,1,2014-04-25T22:58:02Z,982349972-1,ligula,Brian,M,Clark,,M,6/14/1924,6503
659,Blue,1,2014-09-20T05:52:23Z,936517321-3,curae,Evelyn,XL,Kelley,,F,9/3/1903,7148
660,Turquoise,1,2014-01-22T16:39:02Z,273830178-9,integer,Patrick,3XL,Fisher,,M,2/16/1958,7434
661,Red,1,2014-12-17T19:21:05Z,374789826-2,enim,Martin,XL,Dunn,,M,9/24/1958,8350
662,Mauv,1,2014-10-16T06:57:55Z,010104441-0,diam,Nicholas,S,Carter,,M,10/3/1967,9815
663,Violet,1,2014-03-02T23:31:23Z,488505182-7,vel,Ashley,3XL,Carter,,F,4/9/1943,7623
664,Yellow,1,2014-07-05T10:08:49Z,379497368-2,curabitur,Joshua,M,Pierce,,M,4/23/1941,9084
665,Crimson,1,2014-03-13T04:00:25Z,720839410-5,nullam,Sandra,3XL,Stevens,,F,3/15/1901,8994
666,Fuscia,1,2014-02-14T02:16:33Z,763164878-6,rutrum,Terry,M,Lane,,M,5/29/1972,2449
667,Orange,1,2014-08-11T02:10:54Z,362292537-X,sollicitudin,Patrick,XS,Gutierrez,,M,8/11/1953,3825
668,Khaki,1,2014-12-23T19:18:48Z,858981520-X,purus,Christopher,S,Morris,,M,4/7/1900,2557
669,Indigo,1,2015-01-01T08:54:18Z,896468279-3,orci,Rose,3XL,Larson,,F,9/6/1924,3698
670,Fuscia,1,2014-08-17T02:50:43Z,103124578-2,penatibus,Phyllis,XS,Fox,,F,9/12/1928,5681
671,Purple,1,2014-06-06T03:41:13Z,352753069-X,libero,Tammy,M,Hunter,,F,7/26/1978,9484
672,Maroon,1,2014-03-10T07:54:31Z,362334916-X,urna,Irene,3XL,Vasquez,,F,4/4/1915,9946
673,Mauv,1,2014-06-28T04:23:07Z,631131419-3,vestibulum,Lawrence,XL,Wagner,,M,10/2/1926,9856
674,Blue,1,2014-08-18T09:17:54Z,398356057-1,quam,Wanda,2XL,Anderson,,F,7/8/1960,8056
675,Violet,1,2014-02-08T13:04:39Z,316908399-6,elit,Brenda,S,Banks,,F,11/18/1952,6351
676,Violet,1,2014-12-23T04:52:49Z,198374986-9,dolor,Joan,L,Weaver,,F,1/13/1953,1862
677,Puce,1,2014-02-23T00:24:55Z,758397806-8,vestibulum,Kelly,S,Boyd,,F,4/21/1966,6146
678,Yellow,1,2014-02-17T21:47:09Z,737008449-3,massa,Shirley,L,Wilson,,F,1/26/1941,2770
679,Blue,1,2014-03-05T04:01:07Z,819434715-7,posuere,Clarence,XS,Simmons,,M,1/23/1936,5688
680,Goldenrod,1,2014-08-14T04:39:23Z,012707947-5,dui,Theresa,S,Snyder,,F,9/28/1969,7489
681,Maroon,1,2014-04-17T06:00:13Z,418575541-4,dapibus,Brian,3XL,Williamson,,M,3/2/1952,2261
682,Turquoise,1,2014-11-07T09:26:34Z,249352821-2,mollis,Ralph,XL,Greene,,M,1/11/1914,4712
683,Purple,1,2014-03-12T10:29:15Z,419964783-X,odio,Jose,M,Cox,,M,9/26/1950,2565
684,Blue,1,2014-05-01T02:02:49Z,757697850-3,felis,Melissa,S,Morrison,,F,12/20/1938,5174
685,Maroon,1,2014-08-31T22:27:29Z,200213504-5,elementum,Lisa,XL,Clark,,F,12/7/1947,8441
686,Blue,1,2014-04-12T11:26:24Z,494130005-X,fusce,James,L,Henderson,,M,10/24/1932,2012
687,Pink,1,2014-09-18T15:13:48Z,435363813-0,et,Ann,XS,Dixon,,F,12/10/1909,2620
688,Fuscia,1,2014-02-04T11:30:37Z,184717668-2,vel,Karen,3XL,Mendoza,,F,6/21/1970,8579
689,Red,1,2014-06-13T13:27:28Z,383620876-8,sollicitudin,Jeffrey,XS,Fuller,,M,12/29/1960,3718
690,Crimson,1,2014-08-31T11:07:49Z,636800577-7,odio,Keith,2XL,Rodriguez,,M,11/4/1945,8458
691,Crimson,1,2014-10-30T02:52:42Z,137577735-1,nulla,Frank,3XL,Ray,,M,4/29/1906,7643
692,Teal,1,2014-11-23T08:29:57Z,933725077-2,augue,Kathleen,L,Jenkins,,F,5/8/1914,7830
693,Pink,1,2014-05-22T20:18:35Z,472969942-4,felis,John,3XL,Gordon,,M,6/1/1981,5099
694,Purple,1,2015-01-02T15:17:20Z,057902193-9,sapien,Dennis,M,Perry,,M,11/23/1913,3175
695,Maroon,1,2014-09-20T04:33:29Z,813986040-9,blandit,Louise,L,Fox,,F,4/18/1922,2506
696,Mauv,1,2015-01-10T09:23:58Z,648091438-4,bibendum,Lois,XS,King,,F,8/12/1948,3034
697,Orange,1,2014-11-23T10:23:19Z,197974728-8,luctus,Sarah,XS,Green,,F,3/23/1977,1858
698,Turquoise,1,2014-11-18T01:53:40Z,597701277-2,facilisi,Kathleen,XL,King,,F,4/13/1960,3827
699,Khaki,1,2014-05-11T08:28:10Z,956673645-2,ut,Amanda,M,Reynolds,,F,2/16/1950,1941
700,Green,1,2014-12-02T01:48:10Z,801125844-3,elementum,Joan,3XL,Snyder,,F,8/7/1969,8331
701,Goldenrod,1,2014-07-09T04:39:44Z,561807248-3,lectus,Patrick,L,Banks,,M,2/12/1937,9094
702,Teal,1,2014-04-26T14:29:06Z,825955439-9,integer,Lillian,S,Black,,F,3/13/1978,1739
703,Green,1,2014-04-29T04:03:18Z,730052513-X,morbi,Amy,XL,Coleman,,F,2/13/1987,1313
704,Orange,1,2014-10-25T22:17:40Z,731620284-X,blandit,Diana,XL,Rivera,,F,7/18/1925,2777
705,Fuscia,1,2014-03-13T17:47:05Z,466244409-8,cursus,Joshua,3XL,Duncan,,M,3/15/1926,6360
706,Mauv,1,2014-09-12T22:52:43Z,923606938-X,neque,Roy,M,Willis,,M,6/5/1983,6469
707,Maroon,1,2014-02-27T08:53:40Z,505387049-7,eros,Tammy,S,Warren,,F,8/11/1929,7909
708,Khaki,1,2014-09-08T18:58:35Z,720633577-2,sapien,Debra,S,Ray,,F,9/25/1940,9530
709,Maroon,1,2014-07-29T20:37:46Z,854162082-4,morbi,Lois,S,Richardson,,F,12/27/1985,9427
710,Pink,1,2014-03-11T11:33:29Z,646536542-1,faucibus,Jerry,XS,Carter,,M,8/21/1982,1641
711,Puce,1,2014-04-12T04:55:42Z,377882825-8,purus,Cheryl,3XL,Simmons,,F,6/9/1937,8119
712,Turquoise,1,2014-02-20T08:10:14Z,153469495-1,ut,Nicholas,S,Dixon,,M,6/4/1932,6405
713,Teal,1,2014-04-21T21:51:13Z,965093284-4,consequat,Paul,M,Johnston,,M,8/20/1928,1393
714,Khaki,1,2014-07-21T23:49:01Z,233117322-2,in,Bruce,XS,Hart,,M,8/1/1911,8670
715,Orange,1,2014-08-09T05:00:38Z,255111648-1,bibendum,Carol,XL,Morrison,,F,9/2/1919,2962
716,Goldenrod,1,2014-12-17T03:37:54Z,028764784-6,nisi,Norma,L,Stanley,,F,8/21/1958,9036
717,Goldenrod,1,2014-04-13T23:48:35Z,383173439-9,pede,Doris,XL,Matthews,,F,4/27/1914,8607
718,Pink,1,2014-02-07T04:18:37Z,912401434-6,et,Ruby,XL,Murphy,,F,1/4/1936,9204
719,Blue,1,2014-11-13T09:12:44Z,798154810-1,non,Roger,2XL,Olson,,M,4/21/1983,2566
720,Mauv,1,2014-07-09T07:52:40Z,376053984-X,massa,Fred,S,West,,M,12/9/1986,3424
721,Puce,1,2014-12-02T05:05:47Z,892513209-5,potenti,Catherine,S,George,,F,3/15/1943,9664
722,Fuscia,1,2014-04-09T17:03:44Z,814394310-0,duis,Ralph,XL,Weaver,,M,11/21/1914,4242
723,Mauv,1,2014-02-09T06:01:03Z,244975988-3,justo,Kathy,2XL,Rogers,,F,9/1/1970,1741
724,Violet,1,2014-08-24T06:45:54Z,297487838-5,praesent,Earl,S,Webb,,M,7/16/1957,4133
725,Goldenrod,1,2014-12-16T04:03:01Z,633177688-5,eget,Jean,S,Wilson,,F,12/24/1939,8717
726,Fuscia,1,2014-11-19T04:37:15Z,343579587-5,pretium,Beverly,XS,Lane,,F,5/4/1928,1354
727,Crimson,1,2015-01-12T12:30:38Z,426625832-1,lacus,Ann,XL,Roberts,,F,1/9/1901,2155
728,Mauv,1,2014-03-14T21:21:38Z,356726328-5,non,Christopher,3XL,Greene,,M,12/7/1904,9771
729,Pink,1,2014-10-25T09:22:28Z,416699227-9,odio,Christina,L,Price,,F,7/27/1933,4247
730,Indigo,1,2014-09-09T17:15:09Z,752893240-X,justo,Frances,L,Williams,,F,7/12/1930,5297
731,Pink,1,2014-11-21T05:07:13Z,260901780-4,ac,Cheryl,L,Armstrong,,F,1/10/1989,4878
732,Puce,1,2014-02-01T10:42:11Z,604095550-3,turpis,Howard,L,Olson,,M,7/4/1920,7669
733,Green,1,2014-05-08T06:54:40Z,133790534-8,suscipit,Stephen,M,Palmer,,M,5/8/1906,1246
734,Pink,1,2014-06-27T13:10:08Z,757116179-7,vivamus,Charles,M,Gordon,,M,2/27/1918,5155
735,Green,1,2014-09-02T20:06:37Z,598115034-3,nibh,Frances,M,Cooper,,F,8/20/1946,2065
736,Fuscia,1,2015-01-03T06:11:33Z,535015652-7,nunc,Kenneth,3XL,Ferguson,,M,5/2/1911,6723
737,Mauv,1,2014-12-31T10:04:33Z,230206646-4,nibh,Jonathan,XL,Price,,M,11/3/1919,1068
738,Mauv,1,2014-07-09T15:58:55Z,021802846-6,nec,Howard,L,Allen,,M,3/28/1959,2813
739,Purple,1,2015-01-05T23:44:14Z,814484435-1,dui,Jonathan,XS,Matthews,,M,10/9/1952,9941
740,Green,1,2014-02-16T09:42:58Z,094051272-6,rutrum,Linda,3XL,Martin,,F,4/1/1982,6245
741,Indigo,1,2014-09-09T10:10:56Z,368559110-X,sapien,Jean,L,Sullivan,,F,6/13/1921,9038
742,Maroon,1,2014-08-09T01:38:43Z,642207483-2,ullamcorper,Mary,XS,Wilson,,F,12/22/1967,9535
743,Purple,1,2014-09-30T21:57:57Z,688435721-5,integer,Susan,L,Armstrong,,F,3/24/1955,3359
744,Teal,1,2014-12-28T00:53:07Z,744276213-1,dolor,Dennis,M,Chapman,,M,2/8/1942,8997
745,Puce,1,2014-10-26T01:36:01Z,873631504-4,eleifend,Marie,XL,Crawford,,F,9/5/1970,1621
746,Teal,1,2014-09-07T10:51:13Z,468530087-4,mauris,Katherine,XL,Hunter,,F,1/24/1962,3351
747,Yellow,1,2014-02-02T19:57:50Z,200135019-8,adipiscing,Samuel,M,Edwards,,M,8/2/1911,8711
748,Yellow,1,2014-11-01T15:49:12Z,441657751-6,lacinia,Judy,XL,Griffin,,F,5/28/1926,8590
749,Teal,1,2014-06-19T16:20:15Z,325094290-1,eu,Thomas,L,Thompson,,M,12/24/1906,7211
750,Green,1,2014-01-20T23:24:06Z,496574232-X,cras,Martin,S,Perkins,,M,8/14/1912,6257
751,Blue,1,2014-11-04T06:52:09Z,344954260-5,vivamus,Kelly,XL,Watson,,F,8/15/1985,9740
752,Red,1,2014-04-30T22:14:04Z,328871584-8,a,Brian,M,Kim,,M,6/8/1961,1775
753,Turquoise,1,2014-03-18T11:39:12Z,952248002-9,neque,Ruby,M,Cruz,,F,7/28/1964,9307
754,Maroon,1,2014-05-04T12:02:37Z,848460738-0,placerat,Jesse,2XL,Washington,,M,8/3/1921,3426
755,Teal,1,2014-06-06T10:21:07Z,682855597-X,pede,Kathy,L,Mccoy,,F,8/16/1904,8396
756,Indigo,1,2014-11-25T09:12:34Z,302678443-5,est,Phyllis,XL,Reynolds,,F,6/11/1916,9369
757,Violet,1,2014-06-21T04:26:33Z,886675609-1,rutrum,Carlos,XS,Bradley,,M,2/8/1969,1430
758,Green,1,2014-02-04T04:25:18Z,160631493-9,tempus,Louis,L,Long,,M,6/5/1924,9295
759,Khaki,1,2014-07-12T06:28:45Z,173441845-1,erat,Carlos,S,Stanley,,M,4/1/1960,6811
760,Purple,1,2014-07-04T12:19:26Z,711718814-6,eu,Gloria,XS,Hart,,F,1/1/1940,1578
761,Puce,1,2014-12-07T04:54:27Z,763871875-5,elementum,Jerry,2XL,Brooks,,M,7/29/1930,9852
762,Green,1,2014-10-27T05:29:17Z,016086477-1,nibh,Ann,S,Matthews,,F,9/1/1923,5138
763,Red,1,2014-12-04T23:04:23Z,786561136-6,justo,Bonnie,2XL,Williams,,F,11/8/1910,9190
764,Blue,1,2014-11-02T23:04:45Z,005804257-1,erat,Matthew,XL,Young,,M,12/28/1906,3661
765,Mauv,1,2014-03-16T09:32:41Z,166149210-X,euismod,Donald,S,Smith,,M,2/5/1905,1986
766,Khaki,1,2014-08-18T19:47:06Z,935821507-0,nunc,Laura,L,Stanley,,F,11/18/1963,7538
767,Puce,1,2014-04-05T05:25:21Z,828735345-9,justo,Larry,M,Peters,,M,2/2/1941,9823
768,Indigo,1,2015-01-09T16:27:24Z,891727478-1,dis,Gary,S,Ross,,M,11/22/1946,6777
769,Violet,1,2014-05-02T19:49:29Z,134010411-3,malesuada,Irene,S,Bennett,,F,4/1/1945,3202
770,Yellow,1,2014-11-26T02:03:53Z,891612068-3,morbi,Mildred,XL,Romero,,F,8/10/1979,9901
771,Indigo,1,2014-08-07T14:45:28Z,257570494-4,in,Judith,2XL,Cruz,,F,4/24/1947,2047
772,Orange,1,2014-04-05T13:25:17Z,510851663-0,ultrices,Ruth,M,Crawford,,F,3/12/1981,3800
773,Blue,1,2014-06-19T06:19:58Z,129988784-8,convallis,David,XL,Phillips,,M,11/14/1927,6261
774,Turquoise,1,2014-07-24T20:38:41Z,953397346-3,quis,William,XL,Weaver,,M,3/2/1965,5017
775,Green,1,2014-09-20T03:34:39Z,096149005-5,dictumst,Jose,XL,Ruiz,,M,9/1/1988,6432
776,Mauv,1,2014-03-15T21:17:00Z,044124938-8,dapibus,Ann,XS,Watkins,,F,2/5/1965,9792
777,Turquoise,1,2014-01-19T16:28:50Z,717649921-7,tristique,Kathy,2XL,Mason,,F,4/16/1964,3236
778,Indigo,1,2014-07-04T22:32:32Z,229805913-6,in,Jonathan,L,Reed,,M,5/17/1933,3410
779,Indigo,1,2014-04-16T04:47:58Z,665263385-X,quam,Jessica,M,Perkins,,F,8/23/1917,2379
780,Teal,1,2014-06-19T11:04:58Z,193546587-2,nam,Albert,L,Morrison,,M,3/3/1942,6521
781,Mauv,1,2014-06-26T04:43:10Z,774450629-4,morbi,Julie,M,Lynch,,F,4/21/1939,6849
782,Teal,1,2014-10-06T16:32:02Z,586575126-3,platea,Cheryl,3XL,Dean,,F,4/5/1984,6347
783,Goldenrod,1,2014-02-06T20:58:02Z,253779201-7,scelerisque,Ashley,M,Chapman,,F,11/26/1958,3174
784,Crimson,1,2014-11-27T19:36:24Z,759001860-0,penatibus,Sharon,2XL,Black,,F,4/6/1934,4946
785,Goldenrod,1,2014-03-23T08:25:17Z,592324033-5,sed,Edward,2XL,Hernandez,,M,5/3/1953,2507
786,Blue,1,2015-01-06T22:57:30Z,549940432-1,ac,Anne,3XL,Alvarez,,F,6/4/1912,5375
787,Red,1,2014-11-15T08:48:43Z,321815683-1,nulla,Johnny,XL,Banks,,M,12/1/1903,4208
788,Goldenrod,1,2014-06-22T07:14:46Z,369562993-2,augue,Bonnie,M,Lopez,,F,1/29/1936,2765
789,Violet,1,2014-03-18T09:05:41Z,329996572-7,adipiscing,Terry,3XL,Smith,,M,1/31/1928,3478
790,Blue,1,2015-01-03T22:26:01Z,651032102-5,congue,Robin,2XL,Matthews,,F,1/12/1967,8840
791,Khaki,1,2014-04-15T13:53:41Z,849586534-3,ultricies,Nicholas,M,Palmer,,M,3/8/1932,2162
792,Teal,1,2014-04-17T05:38:01Z,917307662-7,fusce,Ralph,XS,Garza,,M,8/26/1955,5051
793,Mauv,1,2014-10-14T21:01:06Z,670138968-6,tortor,Andrea,2XL,Knight,,F,8/1/1976,4690
794,Blue,1,2014-06-10T20:53:10Z,587010889-6,mauris,Sara,3XL,Howell,,F,12/28/1901,6785
795,Puce,1,2014-08-27T01:39:49Z,317145820-9,cras,Betty,XL,Ramirez,,F,7/12/1984,7519
796,Turquoise,1,2014-03-14T18:14:55Z,303633730-X,ridiculus,Christina,XS,Barnes,,F,4/12/1959,3460
797,Fuscia,1,2014-08-22T08:30:55Z,278041674-2,eget,Martin,3XL,Robinson,,M,6/4/1989,3643
798,Turquoise,1,2014-08-12T01:49:00Z,086605029-9,dapibus,Stephen,M,Torres,,M,12/11/1969,2801
799,Khaki,1,2014-09-27T05:17:05Z,542802680-4,quisque,Scott,2XL,Hall,,M,4/5/1907,5251
800,Khaki,1,2014-02-24T08:14:37Z,057464660-4,eu,Patrick,XL,Miller,,M,4/10/1979,5775
801,Red,1,2014-10-25T22:58:20Z,676649017-9,ut,Eugene,XS,Fernandez,,M,3/15/1922,4891
802,Pink,1,2014-03-03T05:51:06Z,000687683-8,tincidunt,Patricia,M,Miller,,F,6/22/1941,4722
803,Goldenrod,1,2014-12-17T12:12:04Z,663364981-9,sollicitudin,Dennis,M,Gutierrez,,M,5/3/1919,3131
804,Aquamarine,1,2014-04-28T00:34:54Z,983906446-0,at,Nicholas,XL,Snyder,,M,4/5/1961,5345
805,Red,1,2014-06-11T09:22:28Z,590737109-9,pede,Tammy,XL,Burke,,F,8/2/1900,2481
806,Mauv,1,2014-09-02T20:26:13Z,320490538-1,venenatis,Douglas,XS,Thompson,,M,7/26/1916,7314
807,Violet,1,2014-10-24T01:59:41Z,432335234-4,vel,Phillip,XS,Ellis,,M,2/23/1918,6238
808,Goldenrod,1,2014-12-20T15:11:22Z,155495504-1,convallis,Joyce,XL,Stephens,,F,7/5/1942,8910
809,Indigo,1,2014-08-27T06:06:24Z,587597577-6,in,Alice,2XL,Jenkins,,F,4/7/1917,6028
810,Khaki,1,2014-02-24T16:34:30Z,884545091-0,amet,Carl,M,Bishop,,M,8/6/1976,7925
811,Green,1,2014-07-17T04:07:21Z,777871727-1,pede,Andrew,S,Matthews,,M,7/19/1904,8476
812,Pink,1,2014-11-16T15:36:55Z,094881028-9,maecenas,Peter,2XL,Black,,M,4/3/1926,8467
813,Blue,1,2014-10-30T04:52:35Z,498105624-9,at,Pamela,M,Rice,,F,12/11/1982,9673
814,Mauv,1,2014-06-01T07:02:21Z,938089135-0,lobortis,Bobby,M,Warren,,M,12/5/1955,3162
815,Red,1,2014-11-03T15:17:23Z,759503341-1,orci,Carlos,3XL,Hamilton,,M,4/30/1950,9234
816,Green,1,2014-05-04T20:35:54Z,616728955-7,sociis,Timothy,M,Lee,,M,3/5/1931,6698
817,Red,1,2014-11-06T15:02:09Z,471948256-2,justo,Gregory,XL,Morales,,M,12/18/1965,2480
818,Orange,1,2014-07-13T22:50:31Z,428822914-6,eu,John,L,Ward,,M,9/21/1964,8975
819,Teal,1,2014-01-24T10:04:21Z,118456530-9,morbi,Donna,3XL,Carr,,F,10/3/1915,9149
820,Pink,1,2014-04-28T12:10:59Z,056751262-2,amet,Jean,3XL,Collins,,F,1/16/1927,1979
821,Maroon,1,2014-10-24T07:29:12Z,624997226-9,semper,Linda,XS,Cunningham,,F,7/29/1966,9186
822,Green,1,2014-02-12T04:03:18Z,062304544-3,primis,Jesse,XS,Foster,,M,11/12/1905,8890
823,Khaki,1,2014-10-04T11:34:24Z,927075532-0,nam,Bobby,L,George,,M,6/14/1922,4746
824,Indigo,1,2014-11-03T04:04:22Z,933818510-9,luctus,Virginia,2XL,Oliver,,F,9/21/1915,8210
825,Orange,1,2014-07-03T23:03:47Z,298259528-1,aliquam,Julie,2XL,Powell,,F,2/24/1905,5989
826,Maroon,1,2014-05-21T11:41:29Z,682741667-4,pede,Howard,L,Frazier,,M,11/18/1939,4272
827,Blue,1,2014-01-15T19:08:22Z,684605430-8,metus,Dennis,2XL,Stewart,,M,10/7/1902,8170
828,Pink,1,2014-08-25T09:54:18Z,610300750-X,dolor,David,2XL,Long,,M,5/11/1903,7269
829,Mauv,1,2014-04-22T16:59:16Z,595596839-3,duis,Emily,2XL,Ellis,,F,11/15/1987,3344
830,Crimson,1,2014-04-07T10:23:26Z,556887242-2,venenatis,Sandra,2XL,King,,F,6/30/1920,4374
831,Violet,1,2014-11-24T11:55:18Z,117142347-0,hac,Diane,2XL,Robinson,,F,7/1/1963,5349
832,Puce,1,2014-01-17T10:30:40Z,967544106-2,ultrices,Ernest,2XL,Hernandez,,M,10/13/1977,5365
833,Crimson,1,2014-02-13T11:47:34Z,015108311-8,blandit,Lillian,S,Romero,,F,1/11/1928,3927
834,Aquamarine,1,2014-12-18T14:07:54Z,339603693-X,ut,Jessica,S,Clark,,F,11/7/1953,5734
835,Mauv,1,2014-07-25T14:58:42Z,803811169-9,dapibus,Sandra,L,Gardner,,F,1/12/1979,1549
836,Maroon,1,2014-11-09T18:12:21Z,224361047-7,at,Virginia,2XL,Reid,,F,9/12/1928,9098
837,Fuscia,1,2014-03-14T00:18:22Z,632757727-X,venenatis,Michael,2XL,Richardson,,M,3/26/1967,1982
838,Aquamarine,1,2014-02-03T16:58:15Z,144804928-8,ultrices,Joan,XS,Ramos,,F,12/7/1915,1197
839,Indigo,1,2014-07-11T12:24:51Z,281685774-3,elementum,Norma,3XL,Jordan,,F,2/5/1900,9903
840,Fuscia,1,2014-12-03T12:02:21Z,833735184-5,pellentesque,Roy,M,Wright,,M,7/23/1908,4403
841,Yellow,1,2014-06-28T04:36:11Z,073504559-3,pellentesque,Robert,2XL,Nguyen,,M,11/14/1916,3362
842,Yellow,1,2014-03-09T22:14:34Z,146792006-1,amet,Benjamin,XL,Ellis,,M,2/20/1902,6337
843,Goldenrod,1,2014-05-27T01:57:16Z,833902707-7,nam,Lillian,M,Myers,,F,3/29/1934,8856
844,Goldenrod,1,2014-07-06T10:28:45Z,908012331-5,ridiculus,Alan,S,Rogers,,M,7/29/1920,3727
845,Puce,1,2014-05-02T07:56:39Z,364943609-4,cras,Mildred,S,Lewis,,F,11/14/1920,3565
846,Fuscia,1,2014-04-06T23:06:55Z,000280097-7,justo,Gerald,L,Palmer,,M,2/14/1948,4304
847,Maroon,1,2015-01-02T09:52:15Z,684313253-7,interdum,Terry,XS,Ray,,M,12/3/1977,5864
848,Red,1,2014-09-12T12:31:03Z,188204682-X,posuere,John,L,Cole,,M,12/18/1926,7889
849,Red,1,2014-08-27T04:42:06Z,446168606-X,consequat,Earl,XL,Daniels,,M,12/7/1920,8153
850,Teal,1,2014-09-17T11:59:21Z,785600819-9,vestibulum,Anthony,L,Meyer,,M,2/26/1920,7492
851,Mauv,1,2014-02-12T20:40:21Z,373495259-X,quam,Jeremy,2XL,Williamson,,M,10/27/1971,9518
852,Violet,1,2014-10-11T01:29:47Z,086645914-6,justo,Ernest,XL,Lopez,,M,6/21/1938,1874
853,Goldenrod,1,2014-08-07T20:33:37Z,030280548-6,mauris,Judy,XS,Robinson,,F,11/2/1911,4641
854,Mauv,1,2014-09-19T11:12:47Z,045152686-4,tortor,Pamela,M,Howard,,F,2/10/1983,1455
855,Green,1,2014-11-06T03:17:59Z,264750168-8,mollis,Louise,M,Lawson,,F,4/18/1909,5101
856,Green,1,2014-11-27T17:37:00Z,048621829-5,in,Melissa,S,Hunt,,F,5/31/1982,2786
857,Goldenrod,1,2014-03-04T03:05:49Z,444684941-7,duis,Donna,S,Garrett,,F,11/25/1970,5959
858,Turquoise,1,2014-09-01T10:22:11Z,323765680-1,porttitor,Phillip,M,Shaw,,M,11/18/1972,2634
859,Teal,1,2014-04-21T12:59:04Z,996951029-0,vestibulum,Mary,XL,Hicks,,F,1/24/1916,4345
860,Fuscia,1,2015-01-07T00:41:24Z,258814613-9,dictumst,Shirley,XS,Nelson,,F,3/12/1915,2135
861,Green,1,2014-05-23T03:19:26Z,876552099-8,nulla,Gerald,2XL,Mitchell,,M,6/30/1933,6242
862,Teal,1,2014-12-28T18:30:22Z,951576734-2,magna,Brenda,2XL,Simmons,,F,12/23/1983,9775
863,Puce,1,2014-11-23T03:28:53Z,097120519-1,vestibulum,Roger,S,Gardner,,M,7/27/1921,1121
864,Pink,1,2014-02-19T13:52:50Z,056228668-3,ut,Robin,S,Bell,,F,7/19/1933,5065
865,Aquamarine,1,2014-02-13T15:12:36Z,595992042-5,mattis,Ernest,XL,Brown,,M,3/17/1970,4797
866,Crimson,1,2014-03-20T22:37:14Z,507145808-X,quis,Carolyn,XL,Woods,,F,2/15/1920,1373
867,Aquamarine,1,2014-10-06T03:42:49Z,956649989-2,orci,Craig,S,Bell,,M,4/25/1983,5993
868,Green,1,2014-07-15T17:05:41Z,869502272-2,sociis,Ruby,XS,Chapman,,F,7/12/1944,4986
869,Red,1,2014-03-21T20:31:38Z,024982759-X,praesent,Brenda,XS,Barnes,,F,6/28/1985,6087
870,Crimson,1,2014-08-19T21:19:58Z,726883463-2,suspendisse,Diane,XS,Ross,,F,8/18/1959,3574
871,Green,1,2014-06-03T17:18:18Z,855526378-6,aliquam,Stephanie,2XL,Arnold,,F,6/12/1980,1389
872,Teal,1,2014-09-14T08:08:23Z,404545888-3,sem,Heather,M,Mills,,F,1/27/1981,9981
873,Aquamarine,1,2014-08-01T18:35:27Z,932881909-1,lobortis,Joseph,XS,Hamilton,,M,10/9/1921,4981
874,Maroon,1,2014-08-13T22:49:28Z,635083802-5,luctus,Judy,XL,Pierce,,F,11/25/1946,5142
875,Blue,1,2014-09-09T01:28:33Z,338072240-5,non,Rose,M,Mendoza,,F,11/16/1970,9285
876,Puce,1,2014-07-02T10:43:45Z,817994875-7,tempor,Roy,3XL,Cox,,M,10/10/1983,6894
877,Yellow,1,2014-05-18T03:45:21Z,556056188-6,pede,Jack,M,George,,M,10/24/1937,1455
878,Puce,1,2014-05-04T01:14:13Z,890301621-1,quis,Jacqueline,M,Reynolds,,F,7/16/1978,6289
879,Khaki,1,2014-10-02T20:32:34Z,427982873-3,fusce,Mildred,XL,Ward,,F,11/19/1959,5249
880,Puce,1,2014-02-12T04:23:12Z,475396189-3,non,Brian,2XL,Webb,,M,2/20/1984,2544
881,Teal,1,2014-02-25T11:49:04Z,190391282-2,eros,Ralph,XS,Day,,M,8/29/1936,2802
882,Pink,1,2014-02-23T06:23:01Z,178295892-4,magna,Antonio,S,Rose,,M,8/6/1986,4222
883,Aquamarine,1,2014-01-19T17:33:28Z,973927502-8,sed,Lois,XS,Harris,,F,2/28/1962,1171
884,Orange,1,2014-02-27T22:46:36Z,002290831-5,diam,Marilyn,2XL,Andrews,,F,8/21/1960,2544
885,Purple,1,2014-02-22T00:55:44Z,671563986-8,vestibulum,John,L,Burton,,M,11/27/1968,9436
886,Pink,1,2014-02-16T20:58:59Z,766039783-4,et,Johnny,XS,Alexander,,M,1/20/1950,5013
887,Pink,1,2014-03-29T23:13:48Z,158038194-4,pede,Jacqueline,L,Banks,,F,8/20/1927,6091
888,Indigo,1,2014-12-10T04:00:28Z,495856072-6,tempus,Paul,S,Phillips,,M,2/21/1942,5790
889,Pink,1,2014-05-16T18:13:39Z,341520977-6,mauris,Doris,2XL,Riley,,F,2/18/1966,1286
890,Red,1,2014-09-12T22:30:43Z,164487420-2,vestibulum,Joan,M,Burton,,F,10/4/1920,8560
891,Crimson,1,2014-11-14T07:53:10Z,712706099-1,tempor,Earl,3XL,Crawford,,M,9/15/1958,2663
892,Green,1,2015-01-04T17:07:01Z,573566902-8,suspendisse,Billy,2XL,Ray,,M,7/2/1948,6989
893,Mauv,1,2014-06-18T23:57:02Z,830980850-X,hac,Terry,XL,Thompson,,M,9/24/1985,6714
894,Khaki,1,2014-04-06T03:48:30Z,705982919-9,suspendisse,Marie,3XL,Garza,,F,6/12/1953,7373
895,Khaki,1,2014-02-18T11:43:51Z,486044330-6,commodo,Jeremy,3XL,Coleman,,M,11/8/1910,5134
896,Green,1,2014-08-13T22:31:38Z,903069987-6,in,Steven,2XL,Warren,,M,10/10/1911,7471
897,Blue,1,2014-11-18T09:13:50Z,906223657-X,in,Bobby,M,Hicks,,M,7/27/1949,1145
898,Indigo,1,2014-10-15T10:13:28Z,679254290-3,in,Diane,L,Perkins,,F,7/4/1945,8758
899,Crimson,1,2014-11-28T04:55:38Z,051034490-9,proin,Chris,S,Watkins,,M,7/5/1969,4593
900,Teal,1,2014-03-30T07:45:04Z,080521861-0,sed,James,XS,Alexander,,M,8/31/1951,1950
901,Teal,1,2014-02-20T14:26:41Z,958920400-7,pretium,Nicholas,XL,Lawrence,,M,2/21/1975,8258
902,Red,1,2014-05-31T21:22:42Z,777078994-X,in,Tammy,XL,Thomas,,F,7/5/1914,5267
903,Maroon,1,2014-12-23T16:46:20Z,672015573-3,sem,Wanda,3XL,Smith,,F,12/13/1904,9169
904,Orange,1,2014-08-18T15:48:34Z,742817796-0,nec,Phyllis,XL,Hill,,F,12/17/1925,3833
905,Khaki,1,2014-02-15T04:40:48Z,788187929-7,vivamus,Angela,XL,Bradley,,F,1/19/1929,2369
906,Orange,1,2014-11-22T09:07:03Z,068114328-2,ipsum,Amanda,M,Hunt,,F,6/19/1969,8510
907,Goldenrod,1,2014-11-19T15:12:21Z,069833934-7,amet,Gerald,L,Myers,,M,9/8/1983,9684
908,Aquamarine,1,2014-05-26T01:10:55Z,555379583-4,id,Henry,S,Torres,,M,1/25/1940,3433
909,Indigo,1,2014-08-03T04:43:21Z,236320975-3,magnis,Roger,XS,Greene,,M,2/15/1927,4048
910,Red,1,2014-07-18T04:24:17Z,170364657-6,cursus,Chris,L,Carpenter,,M,1/31/1972,4599
911,Puce,1,2014-09-26T04:40:47Z,272699156-4,nisi,Marilyn,L,James,,F,1/12/1946,3279
912,Maroon,1,2014-01-25T04:19:31Z,014697907-9,neque,Virginia,2XL,Hicks,,F,1/16/1957,1314
913,Orange,1,2014-12-01T09:13:30Z,118694055-7,nunc,Anna,XL,Burton,,F,1/17/1968,5813
914,Violet,1,2015-01-03T05:38:45Z,260369861-3,eget,Jose,XL,Simmons,,M,8/12/1960,1444
915,Puce,1,2014-06-21T16:10:08Z,701101976-6,mauris,Kelly,2XL,Nelson,,F,1/25/1960,3915
916,Goldenrod,1,2014-07-22T15:02:41Z,438048663-X,diam,Willie,2XL,Davis,,M,11/24/1971,2226
917,Goldenrod,1,2014-12-09T10:44:36Z,823835266-5,massa,Betty,S,Torres,,F,8/4/1988,8073
918,Aquamarine,1,2014-11-11T09:30:53Z,134052873-8,suscipit,Wayne,3XL,Moreno,,M,7/22/1920,4098
919,Puce,1,2014-10-16T08:29:29Z,454004382-X,quam,Karen,2XL,Bishop,,F,6/17/1931,9769
920,Mauv,1,2014-12-28T11:06:07Z,087785611-7,aliquet,Karen,XL,Freeman,,F,4/22/1926,4608
921,Pink,1,2014-01-28T06:54:24Z,771925645-X,integer,Jason,L,Bryant,,M,2/12/1906,2199
922,Yellow,1,2014-09-07T18:24:47Z,579570089-4,adipiscing,Theresa,M,Olson,,F,7/26/1938,5634
923,Goldenrod,1,2014-07-12T00:35:10Z,865282297-2,natoque,Tina,2XL,Matthews,,F,2/9/1960,7573
924,Puce,1,2014-07-17T06:52:41Z,463049264-X,pede,Ruth,3XL,Hughes,,F,1/15/1961,4603
925,Blue,1,2014-05-10T16:37:00Z,219904107-7,morbi,Amy,XS,Castillo,,F,3/24/1944,1760
926,Khaki,1,2014-12-28T00:48:28Z,162892019-X,primis,Juan,L,Harper,,M,8/20/1960,5988
927,Red,1,2014-08-30T13:14:01Z,539928242-9,dui,Martha,2XL,Smith,,F,10/1/1927,8168
928,Indigo,1,2014-12-29T13:34:25Z,454822147-6,nibh,Steven,XL,Long,,M,12/25/1934,5133
929,Red,1,2014-09-11T13:48:02Z,692508501-X,aliquet,Julie,2XL,Gray,,F,12/31/1978,7364
930,Mauv,1,2014-10-29T15:47:45Z,675856629-3,integer,Howard,3XL,Black,,M,10/25/1947,9061
931,Blue,1,2014-03-11T18:49:36Z,354947931-X,condimentum,Harold,S,Bell,,M,5/13/1921,4005
932,Goldenrod,1,2014-02-27T15:51:19Z,521488102-9,faucibus,Andrew,L,Mitchell,,M,1/10/1924,9758
933,Green,1,2015-01-01T00:10:22Z,870067405-2,blandit,Chris,S,Hughes,,M,4/26/1951,1592
934,Orange,1,2014-08-28T18:17:35Z,718773911-7,eros,Andrew,S,Chavez,,M,7/6/1964,6270
935,Fuscia,1,2015-01-06T03:55:04Z,475166580-4,at,Howard,XL,West,,M,11/18/1968,6815
936,Mauv,1,2015-01-02T14:17:32Z,650328308-3,eros,Rebecca,L,Matthews,,F,10/31/1900,2455
937,Maroon,1,2014-01-28T12:40:56Z,623651059-8,vitae,Joshua,2XL,Owens,,M,3/15/1949,1870
938,Purple,1,2014-06-26T05:16:35Z,776707231-2,et,Jessica,M,Wagner,,F,9/11/1960,3070
939,Red,1,2014-02-02T09:59:08Z,516545001-5,maecenas,Albert,3XL,Williams,,M,1/19/1965,1048
940,Red,1,2014-05-14T09:27:25Z,422957306-5,porttitor,Kelly,XL,Ford,,F,5/27/1937,2728
941,Goldenrod,1,2014-05-22T16:41:51Z,523283688-9,non,Chris,M,Allen,,M,8/31/1919,7244
942,Turquoise,1,2014-04-20T11:26:22Z,171624337-8,quis,Gloria,S,Ross,,F,1/29/1901,6729
943,Teal,1,2014-02-15T00:20:18Z,674333282-8,consequat,Carlos,XS,Hernandez,,M,12/18/1983,8966
944,Indigo,1,2014-10-07T19:00:43Z,743607763-5,magnis,Brian,S,Cox,,M,3/3/1938,3291
945,Goldenrod,1,2014-03-26T22:17:59Z,667367047-9,in,Steven,2XL,Ellis,,M,10/31/1959,6980
946,Goldenrod,1,2014-07-27T13:57:54Z,063359960-3,at,Robin,XL,Johnson,,F,6/10/1984,7861
947,Teal,1,2014-09-09T13:47:12Z,309119602-X,sagittis,Martin,XS,Butler,,M,3/22/1953,2847
948,Goldenrod,1,2014-10-14T11:34:41Z,338324045-2,adipiscing,Keith,XS,Stevens,,M,3/6/1957,8972
949,Aquamarine,1,2014-08-15T01:59:12Z,460693262-7,nibh,Jessica,M,Watkins,,F,8/19/1908,7378
950,Yellow,1,2014-08-30T23:54:10Z,953425870-9,tristique,Phyllis,S,Miller,,F,5/28/1968,6119
951,Mauv,1,2014-12-20T00:35:31Z,465406553-9,euismod,Mary,3XL,Owens,,F,8/9/1938,8021
952,Green,1,2015-01-09T23:36:53Z,328296425-0,dolor,Henry,XS,Fuller,,M,11/25/1902,2990
953,Orange,1,2014-10-05T19:42:34Z,628099496-1,turpis,Joan,S,Harris,,F,1/1/1937,3807
954,Yellow,1,2014-11-04T14:40:30Z,909428870-2,curae,Sara,XS,Sullivan,,F,4/9/1935,9253
955,Turquoise,1,2014-03-02T19:35:50Z,765060682-1,vel,Adam,M,Porter,,M,11/7/1956,2061
956,Yellow,1,2014-05-18T23:04:55Z,432663040-X,consequat,Louis,XL,Cook,,M,10/26/1913,3765
957,Puce,1,2014-12-01T06:48:33Z,715971488-1,sed,Paul,XL,Larson,,M,1/16/1955,6351
958,Indigo,1,2014-11-10T03:22:12Z,123490789-5,ac,Robert,XS,Henderson,,M,8/17/1972,2592
959,Orange,1,2014-08-16T15:48:54Z,915207719-5,sollicitudin,Elizabeth,L,Howell,,F,11/22/1948,9686
960,Khaki,1,2014-07-07T11:24:01Z,393569091-6,porttitor,Clarence,L,Miller,,M,3/20/1901,6671
961,Goldenrod,1,2014-10-11T17:13:54Z,784761758-7,orci,Jeffrey,XL,Flores,,M,7/22/1928,4289
962,Yellow,1,2014-06-08T19:05:10Z,322455519-X,integer,Jerry,M,Banks,,M,1/11/1980,8545
963,Green,1,2014-10-24T04:35:58Z,369525698-2,consequat,Johnny,S,Castillo,,M,10/7/1988,6632
964,Turquoise,1,2014-01-24T18:58:31Z,384118428-6,imperdiet,Ruby,S,Peters,,F,11/24/1929,5886
965,Crimson,1,2014-07-18T10:54:51Z,758386032-6,convallis,Mary,S,Hall,,F,6/4/1906,3450
966,Violet,1,2014-04-25T08:49:37Z,975209924-6,vestibulum,Stephanie,XS,Rivera,,F,10/13/1977,6595
967,Khaki,1,2014-11-24T14:29:42Z,873556540-3,volutpat,Gloria,L,Ruiz,,F,5/8/1914,6105
968,Goldenrod,1,2014-09-12T08:52:53Z,746392765-2,porta,Chris,L,Tucker,,M,6/20/1987,6948
969,Green,1,2014-06-11T17:00:20Z,668519232-1,nulla,Katherine,M,Jackson,,F,11/9/1976,4934
970,Red,1,2014-01-24T19:16:53Z,950956499-0,lacinia,Eric,3XL,Fuller,,M,7/6/1949,1632
971,Yellow,1,2014-11-19T13:37:13Z,100066984-X,eu,Laura,S,Grant,,F,7/18/1969,4136
972,Pink,1,2014-03-27T00:17:29Z,340512863-3,sit,Rebecca,XL,Daniels,,F,8/14/1950,8756
973,Puce,1,2014-03-28T04:48:39Z,918803697-9,congue,Mark,2XL,Wallace,,M,5/2/1944,9185
974,Violet,1,2014-02-08T16:54:41Z,837980871-1,posuere,Anne,3XL,Garza,,F,10/5/1901,7559
975,Crimson,1,2014-07-04T09:21:56Z,116075884-0,quis,Charles,M,Rice,,M,10/23/1948,9875
976,Fuscia,1,2014-08-25T16:23:03Z,236502189-1,curabitur,Aaron,S,Boyd,,M,9/12/1936,5006
977,Indigo,1,2014-07-18T18:33:21Z,993054668-5,montes,Sara,XS,Rivera,,F,2/5/1983,6155
978,Red,1,2014-10-10T20:48:17Z,252763077-4,sociis,Amanda,M,Armstrong,,F,7/11/1932,2705
979,Puce,1,2014-01-24T15:20:56Z,787610999-3,donec,Lori,2XL,Hicks,,F,11/30/1936,2864
980,Aquamarine,1,2014-11-29T05:54:45Z,441889564-7,mauris,Michelle,M,Henry,,F,8/5/1915,8310
981,Orange,1,2014-12-28T03:32:33Z,760997038-7,morbi,Robert,S,Larson,,M,3/16/1900,9867
982,Indigo,1,2015-01-07T06:37:02Z,785030884-0,aenean,Judith,L,Burton,,F,7/25/1959,7443
983,Fuscia,1,2014-02-28T09:32:29Z,472302334-8,eu,Edward,S,Alexander,,M,10/27/1957,3763
984,Maroon,1,2014-06-25T08:36:36Z,795463917-7,nibh,Charles,M,Sullivan,,M,11/26/1945,7877
985,Maroon,1,2014-07-18T17:00:52Z,053278781-1,sapien,Stephanie,L,Lane,,F,6/30/1946,8249
986,Puce,1,2015-01-05T05:03:14Z,788057666-5,odio,Mark,L,Austin,,M,4/8/1908,7681
987,Teal,1,2014-10-04T14:21:12Z,439495422-3,erat,Walter,S,Alvarez,,M,12/18/1962,9962
988,Aquamarine,1,2014-12-18T10:06:19Z,001937794-0,blandit,Todd,XS,Mendoza,,M,8/31/1986,4909
989,Purple,1,2014-06-17T20:42:35Z,809159787-8,mus,Kathryn,3XL,Miller,,F,12/28/1908,9683
990,Crimson,1,2014-07-30T09:40:39Z,260996110-3,phasellus,Jimmy,L,Wright,,M,9/3/1963,3264
991,Red,1,2014-07-14T18:07:45Z,923049173-X,sed,Mark,XS,Bennett,,M,8/22/1983,8720
992,Blue,1,2014-07-24T06:47:20Z,125284476-X,sem,Sandra,M,Welch,,F,11/30/1949,1343
993,Pink,1,2014-02-17T11:25:40Z,404471744-3,parturient,Laura,L,Black,,F,1/1/1928,4789
994,Puce,1,2014-06-22T00:04:55Z,283143838-1,quam,Marilyn,XS,Reed,,F,2/5/1903,7699
995,Purple,1,2014-09-15T12:50:28Z,464028208-7,ut,Laura,M,Robinson,,F,4/27/1922,3248
996,Puce,1,2014-09-28T07:05:25Z,188324684-9,amet,Nancy,M,Mcdonald,,F,8/4/1965,3519
997,Pink,1,2014-03-12T16:53:38Z,030935459-5,condimentum,Tammy,M,Ford,,F,1/13/1983,5255
998,Fuscia,1,2014-07-15T17:50:37Z,932541089-3,enim,Juan,M,Lane,,M,5/13/1963,2372
999,Green,1,2014-09-02T16:56:08Z,555349961-5,orci,Lori,3XL,Arnold,,F,5/2/1902,9560
1000,Mauv,1,2014-11-05T17:52:51Z,478713799-9,ipsum,Willie,S,Tucker,,M,7/20/1958,2598
